timestamp,dht22_temp,bmp_180_temp,dht22_hum,bmp_180_presure
2017-03-29T11:01:27+01:00,23.60,24.20,39.30,100966.00,110236,578, INF,1,end_of_entr
2017-03-29T11:02:07+01:00,23.50,24.20,39.00,100963.00,133954,659,0.00,0,end_of_entr
2017-03-29T11:02:50+01:00,
2017-03-29T11:03:28+01:00,23.60,24.20,38.80,100962.00,174529,809,0.00,0,end_of_entr
2017-03-29T11:04:09+01:00,23.50,24.10,38.60,100969.00,173638,648,0.00,0,end_of_entr
2017-03-29T11:04:49+01:00,23.50,24.10,38.80,100965.00,185340,792,0.00,0,end_of_entr
2017-03-29T11:05:29+01:00,23.50,24.10,38.80,100958.00,191767,794,0.00,0,end_of_entr
2017-03-29T11:06:09+01:00,23.50,24.00,38.80,100967.00,173280,850,0.00,0,end_of_entr
2017-03-29T11:06:49+01:00,23.50,24.00,38.90,100964.00,186168,1394,0.00,3,end_of_ent
2017-03-29T11:07:30+01:00,23.50,24.00,38.90,100961.00,185586,891,0.00,0,end_of_entr
2017-03-29T11:08:10+01:00,23.40,24.00,39.20,100956.00,191564,1100,0.00,0,end_of_ent
2017-03-29T11:08:50+01:00,23.40,24.00,39.10,100957.00,186200,1025,0.00,0,end_of_ent
2017-03-29T11:09:30+01:00,23.40,23.90,39.10,100962.00,172766,743,0.00,0,end_of_entr
2017-03-29T11:10:10+01:00,23.40,23.90,39.20,100960.00,192019,1027,0.00,0,end_of_ent
2017-03-29T11:10:51+01:00,23.40,23.90,39.40,100965.00,173255,1146,0.00,0,end_of_ent
2017-03-29T11:11:31+01:00,23.40,23.90,39.20,100965.00,160393,889,2857.14,0,end_of_entr
2017-03-29T11:12:12+01:00,23.40,23.90,39.60,100972.00,167744,885,3000.00,0,end_of_entr
2017-03-29T11:12:53+01:00,23.40,23.90,39.80,100979.00,176634,887,3157.89,1,end_of_entr
2017-03-29T11:13:34+01:00,23.40,23.90,39.80,100986.00,144056,891,3000.00,0,end_of_entr
2017-03-29T11:14:15+01:00,23.40,23.90,39.30,100980.00,172927,897,2857.14,0,end_of_entr
2017-03-29T11:14:56+01:00,23.40,24.00,39.40,100983.00,173091,909,3000.00,0,end_of_entr
2017-03-29T11:15:37+01:00,23.30,24.00,39.20,100988.00,166458,869,3157.89,0,end_of_entr
2017-03-29T11:16:17+01:00,23.40,24.00,39.30,100982.00,166243,850,3000.00,0,end_of_entr
2017-03-29T11:16:58+01:00,23.40,24.10,39.60,100995.00,175207,847,3000.00,0,end_of_entr
2017-03-29T11:17:39+01:00,23.40,24.10,39.50,100981.00,176425,850,3157.89,1,end_of_entr
2017-03-29T11:18:20+01:00,23.40,24.10,39.30,100993.00,157695,1732,3157.89,0,end_of_ent
2017-03-29T11:19:00+01:00,23.40,24.10,39.40,100993.00,179274,884,3000.00,0,end_of_entr
2017-03-29T11:19:41+01:00,23.40,24.10,39.30,100985.00,169037,778,3000.00,0,end_of_entr
2017-03-29T11:20:22+01:00,23.40,24.10,39.40,100993.00,184145,844,3000.00,0,end_of_entr
2017-03-29T11:21:02+01:00,23.40,24.10,39.20,100995.00,201574,876,3000.00,0,end_of_entr
2017-03-29T11:21:43+01:00,23.40,24.10,38.90,101003.00,175682,738,3000.00,0,end_of_entr
2017-03-29T11:22:23+01:00,23.50,24.00,39.50,100998.00,197454,778,3000.00,0,end_of_entr
2017-03-29T11:23:04+01:00,23.40,24.00,39.20,101008.00,167900,1187,3000.00,0,end_of_ent
2017-03-29T11:23:45+01:00,23.40,23.90,39.00,101000.00,152489,833,3000.00,0,end_of_entr
2017-03-29T11:24:25+01:00,23.40,23.90,39.40,101000.00,195580,676,3000.00,0,end_of_entr
2017-03-29T11:25:06+01:00,23.40,23.80,39.60,100993.00,138936,1157,2857.14,0,end_of_ent
2017-03-29T11:25:47+01:00,23.30,23.80,39.80,101004.00,143672,1096,3000.00,0,end_of_ent
2017-03-29T11:26:27+01:00,23.30,23.90,39.80,100999.00,137128,530,3157.89,0,end_of_entr
2017-03-29T11:27:08+01:00,23.30,23.80,40.10,101008.00,130430,598,2857.14,0,end_of_entr
2017-03-29T11:27:49+01:00,23.30,23.80,40.10,101005.00,159122,734,3000.00,0,end_of_entr
2017-03-29T11:28:29+01:00,23.30,23.80,40.60,101021.00,149838,1009,3000.00,0,end_of_ent
2017-03-29T11:29:10+01:00,23.30,23.70,40.60,101013.00,159393,1123,2857.14,0,end_of_ent
2017-03-29T11:29:51+01:00,23.30,23.80,41.00,101005.00,128400,802,2857.14,0,end_of_entr
2017-03-29T11:30:32+01:00,23.20,23.80,40.80,101012.00,164036,725,3157.89,0,end_of_entr
2017-03-29T11:31:13+01:00,23.20,23.70,41.20,101012.00,156921,522,2857.14,0,end_of_entr
2017-03-29T11:31:54+01:00,23.20,23.70,41.70,101016.00,168135,612,3000.00,0,end_of_entr
2017-03-29T11:32:35+01:00,23.20,23.70,42.20,101008.00,149867,587,2857.14,0,end_of_entr
2017-03-29T11:33:16+01:00,23.20,23.70,42.20,101011.00,136847,826,3000.00,0,end_of_entr
2017-03-29T11:33:57+01:00,23.20,23.70,42.20,101017.00,166865,898,3000.00,0,end_of_entr
2017-03-29T11:34:38+01:00,23.20,23.70,42.20,101019.00,140592,624,3000.00,0,end_of_entr
2017-03-29T11:35:19+01:00,23.20,23.70,42.20,101016.00,183754,567,3157.89,0,end_of_entr
2017-03-29T11:36:00+01:00,23.20,23.60,42.20,101019.00,180021,689,3000.00,0,end_of_entr
2017-03-29T11:36:40+01:00,23.20,23.70,42.20,101013.00,192251,1222,3000.00,1,end_of_ent
2017-03-29T11:37:21+01:00,23.10,23.70,42.70,101011.00,186324,1433,2857.14,0,end_of_ent
2017-03-29T11:38:01+01:00,23.10,23.70,42.80,101006.00,207605,1074,3000.00,0,end_of_ent
2017-03-29T11:38:43+01:00,23.10,23.80,42.80,101012.00,187714,905,3000.00,0,end_of_entr
2017-03-29T11:39:23+01:00,23.10,23.80,43.30,101010.00,196303,881,3000.00,0,end_of_entr
2017-03-29T11:40:04+01:00,23.20,23.80,43.10,101015.00,221130,1112,3157.89,0,end_of_ent
2017-03-29T11:40:44+01:00,23.20,23.80,43.00,101017.00,180065,1663,3000.00,0,end_of_ent
2017-03-29T11:41:25+01:00,23.20,23.80,43.00,101010.00,194572,859,2857.14,0,end_of_entr
2017-03-29T11:42:05+01:00,23.20,23.80,42.90,101011.00,181443,1098,3000.00,0,end_of_ent
2017-03-29T11:42:46+01:00,23.30,23.90,42.90,101010.00,203129,1179,3000.00,0,end_of_ent
2017-03-29T11:43:27+01:00,23.30,23.90,42.70,101002.00,210832,1621,3000.00,0,end_of_ent
2017-03-29T11:44:07+01:00,23.30,23.90,42.40,100998.00,210879,1244,2857.14,0,end_of_ent
2017-03-29T11:44:48+01:00,23.30,23.90,42.30,100998.00,185419,1490,3000.00,0,end_of_ent
2017-03-29T11:45:29+01:00,23.30,24.00,42.30,100999.00,223759,1311,3000.00,0,end_of_ent
2017-03-29T11:46:10+01:00,23.30,24.00,42.30,100999.00,173697,1786,3000.00,0,end_of_ent
2017-03-29T11:46:50+01:00,23.40,24.00,42.50,100996.00,213164,1235,3000.00,0,end_of_ent
2017-03-29T11:47:31+01:00,23.40,24.00,42.50,100992.00,195303,618,2857.14,1,end_of_entr
2017-03-29T11:48:12+01:00,23.40,24.10,42.50,100996.00,183291,1085,3000.00,0,end_of_ent
2017-03-29T11:48:53+01:00,23.40,24.10,42.50,100992.00,190064,964,3000.00,0,end_of_entr
2017-03-29T11:49:34+01:00,23.40,24.10,42.50,100996.00,194829,1260,3157.89,0,end_of_ent
2017-03-29T11:50:15+01:00,23.40,24.10,42.50,101002.00,192895,853,3000.00,0,end_of_entr
2017-03-29T11:50:55+01:00,23.50,24.10,42.20,100996.00,209322,1716,2857.14,0,end_of_ent
2017-03-29T11:51:36+01:00,23.40,24.10,42.10,100992.00,204518,1257,2857.14,1,end_of_ent
2017-03-29T11:52:16+01:00,23.50,24.10,42.40,100994.00,188146,1480,3000.00,0,end_of_ent
2017-03-29T11:52:58+01:00,23.50,24.10,42.10,100999.00,209158,1155,3000.00,0,end_of_ent
2017-03-29T11:53:38+01:00,23.50,24.10,42.00,100994.00,178900,1124,3157.89,0,end_of_ent
2017-03-29T11:54:19+01:00,23.50,24.10,42.00,100996.00,200229,1304,3000.00,0,end_of_ent
2017-03-29T11:55:00+01:00,23.50,24.10,42.00,100993.00,212243,1278,2857.14,0,end_of_ent
2017-03-29T11:55:40+01:00,23.50,24.00,42.00,100995.00,189214,992,2857.14,0,end_of_entr
2017-03-29T11:56:21+01:00,23.50,24.00,41.80,100993.00,196398,1334,3000.00,0,end_of_ent
2017-03-29T11:57:01+01:00,23.50,24.00,41.80,101009.00,201129,853,2857.14,0,end_of_entr
2017-03-29T11:57:42+01:00,23.50,24.00,41.70,100995.00,260029,1242,39.71,0,end_of_entry
2017-03-29T11:58:22+01:00,23.50,24.00,41.70,100995.00,246411,2114,0.00,0,end_of_ent
2017-03-29T11:59:03+01:00,23.50,24.00,41.60,100993.00,246909,1651, INF,1,end_of_ent
2017-03-29T11:59:43+01:00,23.40,24.00,41.50,101003.00,230135,1963,0.00,0,end_of_ent
2017-03-29T12:00:23+01:00,23.50,24.00,41.50,101005.00,219118,1754,0.00,0,end_of_ent
2017-03-29T12:01:03+01:00,23.50,24.00,41.60,101009.00,225741,2458,0.00,0,end_of_ent
2017-03-29T12:01:44+01:00,23.40,23.90,41.40,100999.00,223333,1612,0.00,0,end_of_ent
2017-03-29T12:02:24+01:00,23.40,23.90,41.20,101006.00,243082,3154,0.00,0,end_of_ent
2017-03-29T12:03:04+01:00,23.40,23.90,41.30,101004.00,227035,1820,0.00,0,end_of_ent
2017-03-29T12:03:44+01:00,23.40,23.90,41.40,100992.00,250926,1910,0.00,0,end_of_ent
2017-03-29T12:04:25+01:00,23.40,24.00,41.50,100994.00,293275,1968,0.00,0,end_of_ent
2017-03-29T12:05:05+01:00,23.40,24.00,41.50,100998.00,263558,1681,0.00,0,end_of_ent
2017-03-29T12:05:45+01:00,23.40,24.00,41.60,101005.00,253358,2101,0.00,0,end_of_ent
2017-03-29T12:06:25+01:00,23.40,23.90,41.80,101002.00,224843,2268,0.00,0,end_of_ent
2017-03-29T12:07:05+01:00,23.30,23.90,41.30,101006.00,231468,1530,0.00,0,end_of_ent
2017-03-29T12:07:45+01:00,23.40,23.80,41.40,101007.00,284576,1764,0.00,0,end_of_ent
2017-03-29T12:08:26+01:00,23.30,23.80,41.30,101012.00,242805,1376, INF,1,end_of_ent
2017-03-29T12:09:06+01:00,23.30,23.70,41.30,101003.00,240187,1675,0.00,0,end_of_ent
2017-03-29T12:09:46+01:00,23.30,23.70,42.10,101003.00,261780,1875,0.00,0,end_of_ent
2017-03-29T12:10:26+01:00,23.20,23.70,41.70,100998.00,272429,2056,0.00,0,end_of_ent
2017-03-29T12:11:06+01:00,23.20,23.70,41.80,100995.00,244259,1928,0.00,0,end_of_ent
2017-03-29T12:11:46+01:00,23.20,23.60,41.90,100992.00,247875,1736,0.00,0,end_of_ent
2017-03-29T12:12:27+01:00,23.20,23.60,41.90,100984.00,257717,1811,0.00,0,end_of_ent
2017-03-29T12:13:07+01:00,23.23.60,42.10,100981.00,269993,183000,0,end_of_ent
2017-03-29T12:13:47+01:00,23.20,23.60,42.20,100978.00,251336,2101,0.00,0,end_of_ent
2017-03-29T12:14:28+01:00,23.10,23.60,42.10,100981.00,274528,2515,0.00,0,end_of_ent
2017-03-29T12:15:08+01:00,23.10,23.60,42.10,100983.00,279049,1801, INF,0,end_of_ent
2017-03-29T12:15:48+01:00,23.10,23.60,42.10,100980.00,252423,1935,0.00,0,end_of_ent
2017-03-29T12:16:28+01:00,23.10,23.60,41.90,100986.00,261258,1907,0.00,0,end_of_ent
2017-03-29T12:17:09+01:00,23.10,23.50,41.80,100986.00,236154,2094,0.00,0,end_of_ent
2017-03-29T12:17:49+01:00,23.10,23.50,41.70,100992.00,252272,1715,0.00,0,end_of_ent
2017-03-29T12:18:29+01:00,23.00,23.50,41.90,100988.00,254426,2211,0.00,0,end_of_ent
2017-03-29T12:19:10+01:00,23.00,23.40,41.90,100986.00,249725,2099,0.00,0,end_of_ent
2017-03-29T12:19:50+01:00,23.00,23.40,41.90,100989.00,264958,2019,0.00,0,end_of_ent
2017-03-29T12:20:30+01:00,22.90,23.40,41.80,100984.00,242579,1998,0.00,0,end_of_ent
2017-03-29T12:21:10+01:00,22.90,23.30,41.80,100994.00,247234,2806,0.00,0,end_of_ent
2017-03-29T12:21:50+01:00,22.90,23.30,41.90,100986.00,263266,1957,0.00,0,end_of_ent
2017-03-29T12:22:31+01:00,23.30,41.80,100979.00,286151,2127,0.00,0,end_of_ent
2017-03-29T12:23:11+01:00,22.80,23.20,41.70,100985.00,252608,2170,0.00,0,end_of_ent
2017-03-29T12:23:52+01:00,22.90,23.20,41.80,100991.00,240020,2580,0.00,0,end_of_ent
2017-03-29T12:24:32+01:00,22.80,23.20,41.70,100994.00,274752,1969,0.00,0,end_of_ent
2017-03-29T12:25:13+01:00,22.80,23.20,41.70,100997.00,246942,2326,0.00,0,end_of_ent
2017-03-29T12:25:53+01:00,22.70,23.20,41.60,100985.00,241368,2080, INF,1,end_of_ent
2017-03-29T12:26:33+01:00,22.70,23.20,41.60,100989.00,197635,1736,0.00,0,end_of_ent
2017-03-29T12:27:13+01:00,22.70,23.10,41.60,100987.00,233430,2112,0.00,0,end_of_ent
2017-03-29T12:27:53+01:00,22.70,23.10,41.60,100993.00,265551,1606,0.00,0,end_of_ent
2017-03-29T12:28:34+01:00,22.70,23.10,41.60,100998.00,229776,1559,0.00,0,end_of_ent
2017-03-29T12:29:14+01:00,22.70,23.10,41.60,100995.00,253623,1716,0.00,0,end_of_ent
2017-03-29T12:29:54+01:00,22.60,23.10,41.40,101009.00,210113,1856,0.00,0,end_of_ent
2017-03-29T12:30:34+01:00,22.60,23.10,41.70,101002.00,264324,1457,0.00,0,end_of_ent
2017-03-29T12:31:14+01:00,22.60,23.10,41.40,101003.00,265190,1968,0.00,0,end_of_ent
2017-03-29T12:31:54+01:00,22.60,23.20,41.40,100997.00,232256,1569,0.00,0,end_of_ent
2017-03-29T12:32:34+01:00,22.60,23.20,41.40,101011.00,226942,1949,0.00,0,end_of_ent
2017-03-29T12:33:14+01:00,22.60,20,41.40,100996.00,241263,1619,0.00,0,end_of_ent
2017-03-29T12:33:55+01:00,22.60,23.20,41.40,101001.00,228636,1989,0.00,0,end_of_ent
2017-03-29T12:34:35+01:00,22.60,23.20,41.40,101004.00,232830,2146,0.00,0,end_of_ent
2017-03-29T12:35:16+01:00,22.60,23.20,41.50,100999.00,264072,1817,0.00,nd_of_ent
2017-03-29T12:35:56+01:00,22.60,23.20,41.40,100988.00,247222,1631,0.00,0,end_of_ent
2017-03-29T12:36:36+01:00,22.60,23.30,41.50,100991.00,249241,1535, INF,1,end_of_ent
2017-03-29T12:37:16+01:00,22.60,23.41.40,100999.00,229501,2077,0.00,0,end_of_ent
2017-03-29T12:37:56+01:00,22.70,23.30,41.60,100996.00,250189,2237,0.00,0,end_of_ent
2017-03-29T12:38:36+01:00,22.70,23.30,41.60,100996.00,236567,1751,0.00,0,end_of_ent
2017-03-29T12:39:16+01:00,22.70,23.30,41.60,100997.00,270855,2378,0.00,0,end_of_ent
2017-03-29T12:39:57+01:00,22.70,23.30,41.60,100999.00,280865,1667,0.00,0,end_of_ent
2017-03-29T12:40:37+01:00,22.70,23.20,41.60,101000.00,271517,1985,0.00,0,end_of_ent
2017-03-29T12:41:17+01:00,22.70,23.20,41.60,101004.00,253873,1864,0.00,0,end_of_ent
2017-03-29T12:41:57+01:00,22.60,23.10,41.40,101010.00,271423,2429,0.00,0,end_of_ent
2017-03-29T12:42:37+01:00,22.60,23.10,41.40,101013.00,262369,2756,0.00,0,end_of_ent
2017-03-29T12:43:18+01:00,22.60,23.10,41.40,101011.00,241035,1921,0.00,0,end_of_ent
2017-03-29T12:43:58+01:00,22.60,23.10,41.40,101010.00,237661,2233,0.00,0,end_of_ent
2017-03-29T12:45:18+01:00,22.60,23.10,41.40,101008.00,256879,2120,0.00,0,end_of_ent22.60,23.10,41.40,101014.00,263829,1819,0.00,0,end_of_ent
2017-03-29T12:45:58+01:00,22.60,23.00,41.50,101008.00,267926,2016,0.00,0,end_of_ent
2017-03-29T12:46:38+01:00,22.50,23.00,41.30,101011.00,259176,1812,0.00,0,end_of_ent
2017-03-29T12:47:19+01:00,22.50,23.00,41.30,101016.00,270563,2030,0.00,0,end_of_ent
2017-03-29T12:47:59+01:00,22.50,22.90,41.30,101024.00,211169,2136,0.00,0,end_of_ent
2017-03-29T12:48:39+01:00,22.50,22.90,41.30,101021.00,260696,1560,0.00,0,end_of_ent
2017-03-29T12:49:19+01:00,22.50,22.90,41.30,101022.00,244515,1364,0.00,0,end_of_ent
2017-03-29T12:49:59+01:00,22.40,22.90,41.20,101031.00,254634,2146,0.00,0,end_of_ent
2017-03-29T12:50:39+01:00,22.40,22.90,41.20,101030.00,265729,2057,0.00,0,end_of_ent
2017-03-29T12:51:19+01:00,22.40,22.90,41.20,101028.00,246852,1760,0.00,0,end_of_ent
2017-03-29T12:52:00+01:00,22.40,22.80,41.20,101034.00,252071,2106,0.00,0,end_of_ent
2017-03-29T12:52:40+01:00,22.40,22.80,41.20,101027.00,258450,1712,0.00,0,end_of_ent
2017-03-29T12:53:20+01:00,22.40,22.80,41.20,101030.00,239683,1680,0.00,0,end_of_ent
2017-03-29T12:54:00+01:00,22.40,22.70,41.20,101031.00,276637,1990,0.00,0,end_of_ent
2017-03-29T12:54:40+01:00,22.30,22.70,41.10,101028.00,274317,1772,0.00,0,end_of_ent
2017-03-29T12:55:20+01:00,22.30,22.70,41.10,101031.00,224545,2175, INF,0,end_of_ent
2017-03-29T12:56:00+01:00,22.30,22.60,41.50,101029.00,277479,1829,0.00,0,end_of_ent
2017-03-29T12:56:40+01:00,22.30,22.60,41.10,101017.00,254871,2084,0.00,0,end_of_ent
2017-03-29T12:57:21+01:00,22.22.70,40.90,101022.00,257589,2006,0.00,0,end_ent
2017-03-29T12:58:01+01:00,22.30,22.80,41.10,101024.00,237875,1915,0.00,0,end_of_ent
2017-03-29T12:58:41+01:00,22.30,22.80,41.50,101023.00,297370,1436,0.00,0,end_of_ent
2017-03-29T13:00:02+01:00,22.30,22.80,41.70,101030.00,258128,2024,0.00,0,end_of_ent22.30,22.80,41.50,101026.00,248211,2050, INF,1,end_of_ent
2017-03-29T13:00:42+01:00,22.30,22.80,42.00,101024.00,256948,1698,0.00,0,end_of_ent
2017-03-29T13:01:23+01:00,22.30,22.80,42.40,101022.00,238523,1824,0.00,0,end_of_ent
2017-03-29T13:02:03+01:00,22.22.90,43.50,101032.00,238505,2404,0.00,0,end_of_ent
2017-03-29T13:02:43+01:00,22.30,23.00,45.00,101037.00,260407,2116, INF,0,end_of_ent
2017-03-29T13:03:23+01:00,22.40,23.00,45.50,101026.00,222937,1951,0.00,0,end_of_ent
                                                                                     2017-03-29T16:18:48+01:00,
2017-03-29T16:19:26+01:00,22.70,22.90,45.50,100944.00,1624,495,2.61,1,end_of_ent
2017-03-29T16:20:07+01:00,22.70,23.00,47.30,100946.00,1943,990,11.72,4,end_of_entry
2017-03-29T16:20:47+01:00,22.90,22.90,20,100944.00,459,157,0.00,0,end_of_entr
2017-03-29T16:21:28+01:00,22.80,22.60,47.90,100941.00,749,115,0.00,4,end_of_entr
2017-03-29T16:22:11+01:00,22.70,22.50,44.90,100946.00,397,-2147483648,0.00,2,end_of_entry
2017-03-29T16:22:50+01:00,22.60,22.40,44.20,100937.005,0,0.00,0,end_of_ent
2017-03-29T16:23:30+01:00,22.50,22.40,44.80,100935.00,428,51,0.00,0,end_of_entry
2017-03-29T16:24:11+01:00,22.40,22.40,44.80,100938.00,1184,-2147483648,0.00,8,end_of_entr
2017-03-29T16:24:51+01:00,22.40,22.40,45.00,100937.00,985,144,0.00,32,end_of_ent
2017-03-29T16:25:31+01:00,22.40,22.40,45.10,100934.00,295,0,0.00,0,end_of_ent
2017-03-29T16:26:10+01:00,22.40,22.50,45.60,100934.00,315,0,0.00,0,end_of_ent
2017-03-29T16:27:30+01:00,22.40,22.50,45.70,100931.00,65,0,0.00,0,end_of_entr trNtr2tr0trNtr,tr0tr2tr0tr3tr,tr2tr7tr4tr,trdtrftrntr
2017-03-29T16:28:09+01:00, trNtr2tr0trNtr,tr0tr9tr0tr0tr0tr8tr.tr,tretr_tr_trttr
2017-03-29T16:28:49+01:00,2tr5tr2tr6tr4tr8tr1tr9tr.tr,tr,tr0tr0tr,trdtrftrntr
2017-03-29T16:30:09+01:00, trNtr2tr0trNtr,tr0tr6tr0tr9tr0tr9tr3tr,trdtrftrntr trNtr2tr0trNtr,tr0tr5tr0tr9tr0tr5tr8tr,trdtrftrntr
2017-03-29T16:30:48+01:00,2tr5tr2tr4tr4tr1tr9tr.tr,tr6tr.tretr_tr_trttr
2017-03-29T16:31:28+01:00,2tr6tr2tr8tr4tr5tr1tr9tr.tr,tr1tr2tr.tr,tr,trdtrftrntr
2017-03-29T16:32:10+01:00,2tr2tr2tr2tr4tr7tr1tr9tr.tr,tr1tr4tr6tr,tr0tr0tr,trdtrftrntr
2017-03-29T16:32:49+01:00,2tr7tr2tr6tr4tr3tr1tr9tr.tr,tr0tr.tr,tretr_tr_trttr
2017-03-29T16:33:29+01:00,2tr2tr2tr2tr4tr9tr1tr9tr.tr,tr,tr0tr0tr,trdtrftrntr
2017-03-29T16:34:09+01:00,2tr7tr1tr7tr4tr5tr1tr9tr.tr,tr,tr0tr0tr,trdtrftrntr
2017-03-29T16:34:48+01:00,2tr4tr3tr4tr4tr1tr9tr.tr,tr0tr.tr,tretr_tr_trttr
2017-03-29T16:35:13+01:00,
                                                                                        2017-03-29T16:37:16+01:00,18.40,17.10,46.20,100911.00,92,-2147483648,5.90,0,end_of_ent
2017-03-29T16:37:55+01:00,17.80,16.80,47.10,100907.00,43,0,0.00,0,end_of_entr
2017-03-29T16:38:35+01:00,17.50,16.60,48.70,100906.00,0,0,0.00,0,end_of_entry
2017-03-29T16:39:14+01:00,17.10,16.50,49.70,100908.00,29,0,0.00,0,end_of_entr
2017-03-29T16:39:54+01:00,16.80,16.40,50.40,100903.00,315,0,0.00,0,end_of_ent
2017-03-29T16:40:34+01:00,16.70,16.30,51.20,100898.00,522,0,45.84,0,end_of_entry
2017-03-29T16:41:13+01:00,16.50,16.10,52.20,100905.00,196,0,0.00,0,end_of_ent
2017-03-29T16:41:53+01:00,16.30,16.00,52.60,100907.00,220,0,0.00,0,end_of_ent
2017-03-29T16:42:32+01:00,16.10,15.80,53.40,100907.00,525,0,0.00,0,end_of_ent
2017-03-29T16:43:11+01:00,15.90,15.60,54.40,100905.00,561,0,0.00,0,end_of_ent
2017-03-29T16:43:50+01:00,15.80,15.50,54.70,100902.00,50,0,0.00,0,end_of_entr
2017-03-29T16:44:30+01:00,15.60,15.30,54.70,100906.00,19,0,0.00,0,end_of_entr
2017-03-29T16:45:13+01:00,15.40,15.40,55.50,100906.00,49,0,0.00,0,end_of_entr
2017-03-29T16:45:49+01:00,15.40,15.30,56.00,100906.00,87,0,0.00,0,end_of_e
2017-03-29T16:46:29+01:00,15.30,15.30,56.80,100905.00,31,0,0.00,0,end_of_entr
2017-03-29T16:47:09+01:00,15.30,15.30,56.80,100897.00,0,0,0.00,0,end_of_entry
2017-03-29T16:47:48+01:00,15.20,15.20,57.30,100891.00,0,0,0.00,0,end_of_entry
2017-03-29T16:48:27+01:00,15.20,15.10,57.60,100895.00,0,0,0.00,0,end_of_entry
2017-03-29T16:49:07+01:00,15.10,15.10,57.80,100896.00,32,0,0,0,end_of_entr
2017-03-29T16:49:46+01:00,15.10,15.00,58.10,100887.00,52,0,0.00,0,end_of_entr
2017-03-29T16:50:26+01:00,15.10,15.00,58.40,100899.00,36,0,0.00,0,end_of_entr
2017-03-29T16:51:06+01:00,15.00,15.00,58.50,100893.00,46,21,0.00,0,end_of_ent
2017-03-29T16:51:47+01:00,15.00,14.58.70,100881.00,-2147483648,0,0.00,0,end_of_entr
2017-03-29T16:52:27+01:00,15.00,15.00,58.60,100880.00,5,0,0.00,0,end_of_entry
2017-03-29T16:53:08+01:00,15.00,14.90,59.20,100881.00,-2147483648,0,0.00,0,end_of_entr
2017-03-29T16:53:47+01:00,15.00,14.59.20,100869.00,0,0,0.00,0,end_of_entry
2017-03-29T16:54:27+01:00,14.90,14.80,59.10,100875.00,136,5,0.00,0,end_of_ent
2017-03-29T16:55:07+01:00,14.90,14.80,59.10,100874.00,16,0.00,0,end_of_ent
2017-03-29T16:55:46+01:00,14.90,14.80,59.10,100874.00,0,0,0.00,0,end_of_entry
2017-03-29T16:56:26+01:00,14.90,14.80,59.10,100867.00,0,0,0.00,0,end_of_entry
2017-03-29T16:57:05+01:00,14.90,14.80,59.30,100866.00,102,0,0.00,0,end_of_ent
2017-03-29T16:57:46+01:00,14.90,14.80,59.50,100866.00,-2147483648,0,0.00,0,end_of_entr
2017-03-29T16:58:26+01:00,14.80,14.80,59.00,100863.00,1,0,0.00,0,end_of_entry
2017-03-29T16:59:06+01:00,14.90,14.70,59.90,100863.00,0,0,0.00,0,end_of_entry
2017-03-29T16:59:45+01:00,14.80,14.59.00,100869.00,31,0,0.00,0,end_of_entr
2017-03-29T17:00:24+01:00,14.70,14.60,58.80,100875.00,0,0,0.00,0,end_of_entry
2017-03-29T17:01:04+01:00,14.70,14.70,59.10,100880.00,0,0,0.00,0,end_of_entry
2017-03-29T17:01:43+01:00,14.70,14.60,59.90,100876.00,2,0,0.00,0,end_of_entry
2017-03-29T17:02:24+01:00,14.70,14.60,60.00,100870.00,454,0,18.07,0,end_of_entry
2017-03-29T17:03:05+01:00,14.70,14.50,59.40,100868.00,-2147483648,0,0.00,0,end_of_entr
2017-03-29T17:03:45+01:00,14.60,14.50,59.40,100871.00,90,0,0.00,0,end_of_entr
2017-03-29T17:04:25+01:00,14.60,14.40,59.30,100872.00,-2147483648,0,0.00,0,end_of_entr
2017-03-29T17:05:05+01:00,14.60,14.30,59.50,100869.00,23,17,0.00,0,end_of_ent
2017-03-29T17:05:44+01:00,14.50,14.30,58.50,100870.00,541,0,0.00,0,end_of_ent
2017-03-29T17:06:24+01:00,14.50,14.30,58.60,100870.00,1561,0,0.00,0,end_of_entry
2017-03-29T17:07:07+01:00,14.14.30,59.20,100872.00,-2147483648,-214748364800,0,end_of_ent
2017-03-29T17:07:48+01:00,14.50,14.30,59.20,100864.00,34,-2147483648,0.00,0,end_of_ent
2017-03-29T17:08:27+01:00,14.50,14.59.40,100877.00,89,0,0.00,0,end_of_entr
2017-03-29T17:09:06+01:00,14.50,14.30,59.100877.00,0,0,0.00,0,end_of_entry
2017-03-29T17:09:46+01:00,14.40,14.30,100880,46,0.00,2,end_of_ent
2017-03-29T17:10:25+01:00,14.50,40,59.90,886.00,129,0,0.00,0,end_of_ent
2017-03-29T17:11:05+01:00,14.40,14.40,59.70,100883.00,35,0,0.00,0d_of_entr
2017-03-29T17:11:46+01:00,14.40,40,59.80,100891.00,-2147483648,0,0.00,0,end_of_entr
2017-03-29T17:12:25+01:00,14.40,14.40,59.60,100892.00,19,0,0.00,0,end_of_entr
2017-03-29T17:13:05+01:00,14.50,14.40,59.70,100886.00,52,0,0.00,0,end_of_entr
2017-03-29T17:13:45+01:00,14.50,14.40,60.00,100883.00,276,0,0.00,1,end_of_ent
2017-03-29T17:14:24+01:00,14.40,14.40,59.50,100885.00,103,0,0.00,0,end_of_ent
2017-03-29T17:15:04+01:00,14.14.40,60.00,100887.00,209,0,0.00,3,end_of_ent
2017-03-29T17:15:43+01:00,14.50,14.50,59.90,100887.00,0,.00,0,end_of_entry
2017-03-29T17:16:23+01:00, NAN,14.50, NAN,100887.00,855,285,0.00,29,end_of_entry
2017-03-29T17:17:03+01:00,14.14.50,60.70,.00f_entr
2017-03-29T17:17:43+01:00,14.14.60,60.00,100879.00,134,000,10,end_of_entry
2017-03-29T17:18:22+01:00, NAN,14.60, NAN,100876.00,604,0,0.00,10,end_of_entr
2017-03-29T17:19:02+01:00,14.14.70,60.10,100882.00,1200,15,end_of_en
2017-03-29T17:19:42+01:00,14.14.60.1008700,0.00_of
2017-03-29T17:20:22+01:00,14.60,60.00,100873.00,378,0,0.00,0,end_of_ent
2017-03-29T17:21:01+01:00,14.70,14.60,60.20,100868,232,0,0.00,0,end_of_ent
2017-03-29T17:21:40+01:00,70,14.100875.00,0,0,0.00,0,end_of_entry
2017-03-29T17:22:20+01:00,14.40,59.80,100880end_en
2017-03-29T17:23:01+01:00,60,14.40,60.00,100880.00,-2483648,0,0.00,0,end_ontr
2017-03-29T17:23:38+01:00,14.40,100147648
2017-03-29T17:24:21+01:00,14.end
2017-03-29T17:24:57+01:00,.00
2017-03-29T17:25:44+01:00,14.50,14.40,59.50,100880.00,263,-2143648,0.00,0,end_of_entry
2017-03-29T17:26:23+01:00, NAN,14.40, NAN,100878.00,70,0.00,23,end_of_entr
2017-03-29T17:27:03+01:00, NAN,14.40, NAN,100884.00,689,0,0.00,18,end_of_entr
2017-03-29T17:27:42+01:00, NAN,14.40, NAN,100881.00,00.00,0,end_of_entr
2017-03-29T17:28:21+01:00, NAN,14.40, NAN,100883.00,0,0,0.00,0,end_of_entr
2017-03-29T17:29:01+01:00,14.50,88592,,0.1,end_of_ent
2017-03-29T17:29:56+01:00,68.50,100881.00,3,0,0.00,0,end_of_entry
2017-03-29T17:30:34+01:00,14.80,14.60,60..00,en
2017-03-29T17:37:23+01:00,14.90,14.70,59.70,100870.00,0,0,0.00,0,end_of_entry
2017-03-29T17:38:02+01:00,14.14.60,59.20,100871.00,264,0,0.00,0,end_of_ent
2017-03-29T17:38:27+01:00,
2017-03-29T17:38:52+01:00,
2017-03-29T17:39:17+01:00,
2017-03-29T17:39:42+01:00,
2017-03-29T17:40:07+01:00,
2017-03-29T17:40:32+01:00,
2017-03-29T17:40:57+01:00,
2017-03-29T17:41:22+01:00,
2017-03-29T17:41:47+01:00,
2017-03-29T17:42:12+01:00,
2017-03-29T17:42:37+01:00,
2017-03-29T17:43:03+01:00,
2017-03-29T17:43:28+01:00,
2017-03-29T17:43:53+01:00,
2017-03-29T17:44:18+01:00,
2017-03-29T17:44:43+01:00,
2017-03-29T17:45:08+01:00,
2017-03-29T17:45:33+01:00,
2017-03-29T17:45:58+01:00,
2017-03-29T17:46:23+01:00,
2017-03-29T17:46:48+01:00,
2017-03-29T17:47:13+01:00,
2017-03-29T17:47:38+01:00,
2017-03-29T17:48:03+01:00,
2017-03-29T17:48:28+01:00,
2017-03-29T17:48:53+01:00,
2017-03-29T17:49:18+01:00,
2017-03-29T17:49:43+01:00,
2017-03-29T17:50:08+01:00,
2017-03-29T17:50:33+01:00,
2017-03-29T17:50:58+01:00,
2017-03-29T17:51:23+01:00,
2017-03-29T17:51:48+01:00,
2017-03-29T17:52:13+01:00,
2017-03-29T17:52:38+01:00,
2017-03-29T17:53:03+01:00,
2017-03-29T17:53:28+01:00,
2017-03-29T17:53:53+01:00,
2017-03-29T17:54:18+01:00,
2017-03-29T17:54:43+01:00,
2017-03-29T17:55:08+01:00,
2017-03-29T17:55:33+01:00,
2017-03-29T17:55:58+01:00,
2017-03-29T17:56:23+01:00,
2017-03-29T17:56:48+01:00,
2017-03-29T17:57:13+01:00,
2017-03-29T17:57:38+01:00,
2017-03-29T17:58:03+01:00,
2017-03-29T17:58:28+01:00,
2017-03-29T17:58:53+01:00,
2017-03-29T17:59:18+01:00,
2017-03-29T17:59:43+01:00,
2017-03-29T18:00:08+01:00,
2017-03-29T18:00:33+01:00,
2017-03-29T18:00:58+01:00,
2017-03-29T18:01:23+01:00,
2017-03-29T18:01:48+01:00,
2017-03-29T18:02:13+01:00,
2017-03-29T18:03:31+01:00,20.30,20.20,53.50,100872.00,0,0,0.00,0,end_of_entry
2017-03-29T18:04:24+01:00,20.40,20.20,48.20,
2017-03-29T18:05:04+01:00,20.40,20.20,49.00,100881.00,0,0,0.00,0,end_of_entry
2017-03-29T18:05:45+01:00,20.50,20.30,49.10,100.00,-2147483648,0,0.00,0,end_of_entr
2017-03-29T18:06:26+01:00,20.50,20.40,48.30,100872.00,1277,0,0.00,0,end_of_entry
2017-03-29T18:07:05+01:00,20.50,20.50,48.40,100879.00,459,0,0.00,0,end_of_ent
2017-03-29T18:07:45+01:00,20.60,20.60,48.40,100880.00,0,0,0.00,0,end_of_entry
2017-03-29T18:08:25+01:00,20.60,20.70,48.40,100882.00,-2147483648,0,0.00,0,end_of_entr
2017-03-29T18:09:06+01:00,20.70,20.70,47.90,100885.00,231,312,0.00,0,end_of_entr
2017-03-29T18:09:47+01:00,20.80,20.80,47.50,100884.00,-2147483648,0,0.00,1,end_of_entr
2017-03-29T18:10:28+01:00,20.80,20.90,47.50,100886.00,1684,80,0.00,653,end_of_entry
2017-03-29T18:11:07+01:00,21.00,21.00,47.20,100885.00,0,50,0.00,10,end_of_ent
2017-03-29T18:11:47+01:00,21.00,21.00,48.00,100887.00,791,0,0.00,0,end_of_ent
2017-03-29T18:12:26+01:00,21.10,21.10,47.50,100877.00,0,0,0.00,0,end_of_entry
2017-03-29T18:13:08+01:00,21.10,21.10,46.30,100885.00,-2147483648,0,0.00,0,end_of_entr
2017-03-29T18:13:47+01:00,21.20,21.10,46.50,100887.00,0,0,0.00,0,end_of_entry
2017-03-29T18:14:27+01:00,21.21.20,46.40,100885.00,0,0,0.00,0,end_of_entry
2017-03-29T18:15:08+01:00,21.20,30,46.40,100887.00147483648,0,0.00,0,end_of_entr
2017-03-29T18:15:47+01:00,21.30,21.30,46.00,100882.00,0,0,0.00,0,end_of_entry
2017-03-29T18:16:27+01:00,21.40,21.40,46.30,100892.00,11,0,0.00,0,end_of_entr
2017-03-29T18:17:06+01:00,21.50,21.50,46.40,100883.00,0,0,0.00,0,end_of_entry
2017-03-29T18:17:47+01:00,21.50,21.50,46.70,100888.00,-2147483648,0,0.00,0,end_of_entr
2017-03-29T18:18:29+01:00,21.50,21.70,45.70,100886.00,135,-2147483648,0.00,1,end_of_entry
2017-03-29T18:19:10+01:00,21.60,21.80,45.90,100883.00,803,0,0.00,12,end_of_entry
2017-03-29T18:19:52+01:00,21.70,21.80,45.00,100886.00,1435,-2147483648,0.00,24,end_of_ent
2017-03-29T18:20:33+01:00,21.80,21.80,44.70,100883.00,-2147483648,0,0.00,0,end_of_entr
2017-03-29T18:21:12+01:00,21.80,21.90,44.40,100886.00,64,0,0.00,0,end_of_entr
2017-03-29T18:21:53+01:00,21.80,00,44.50,100881.00,183,13,0.00,0,end_of_entry
2017-03-29T18:22:32+01:00,21.90,22.00,44.100878.00,51,0,0.00,0,end_of_entr
2017-03-29T18:23:12+01:00,21.90,22.10,43.60,100880.00,180,12,0.00,0,end_of_entry
2017-03-29T18:23:52+01:00,21.90,22.10,43.40,100872.00,0,0,0.00,0,end_of_entry
2017-03-29T18:24:31+01:00,22.00,22.20,43.30,100875.00,0,0,0.00end_of_entry
2017-03-29T18:25:10+01:00,22.00,22.20,43.00,100874.00,768,0,0.00,0,end_of_ent
2017-03-29T18:25:50+01:00,22.10,22.42.70,100878.00,230,49,0.00,0,end_of_entry
2017-03-29T18:26:29+01:00,22.20,22.30,42.70,100874.00,246,0,0.00,0,end_of_ent
2017-03-29T18:27:09+01:00,22.20,22.40,42.60,100877.00,23,0,0.00,0,end_of_entr
2017-03-29T18:27:48+01:00,22.20,22.40,42.10,100877.00,8,0,0.00,0,end_of_entry
2017-03-29T18:28:28+01:00,22.30,22.50,42.20,100877.00,31,0,0.00,0,end_of_entr
2017-03-29T18:29:07+01:00,22.30,22.60,42.50,100884.00,385,0,0.00,0,end_of_ent
2017-03-29T18:29:46+01:00,22.22.60,42.20,100885.00,0,0,0.00,0,end_of_entry
2017-03-29T18:30:26+01:00,22.40,22.60,42.20,100871.00,12,0.00,0,end_of_ent
2017-03-29T18:31:06+01:00,22.50,22.70,42.70,100880.00,0,0,0.00,0,end_of_entry
2017-03-29T18:31:46+01:00,22.50,22.60,42.60,100878.00,4244,0,0.00,0,end_of_entry
2017-03-29T18:32:25+01:00,22.50,22.60,42.00,100876.00,21,0,0.00,0,end_of_entr
2017-03-29T18:33:05+01:00,22.60,22.50,42.00,100869.00,1033,0,0.00,0,end_of_entry
2017-03-29T18:33:45+01:00,22.22.40,41.40,100872.00,0,0,0.00,0,end_of_entry
2017-03-29T18:34:24+01:00,22.60,22.40,41.40,100874.00,0,0,0.00,0,end_of_entry
2017-03-29T18:35:03+01:00,22.50,50,41.30,100873.00,0,0,0.00,0,end_of_entry
2017-03-29T18:35:43+01:00,22.50,22.50,41.30,100874.00,0,0,0.00,0,end_of_entry
2017-03-29T18:36:22+01:00,22.60,22.60,41.50,100870.00,19,0,0.00,0,end_of_entr
2017-03-29T18:37:02+01:00,22.60,22.41.40,100863.00,356,0,0.00,0,end_of_ent
2017-03-29T18:37:41+01:00,22.60,22.70,41.40,100876.00,479,0,0.00,0,end_of_ent
2017-03-29T18:38:22+01:00,22.60,22.70,41.10,100875.00,-2147483648,0,0.00,0,end_of_entr
2017-03-29T18:39:02+01:00,22.70,22.80,40.70,100874.00,1880,0,0.00,0,end_of_entry
2017-03-29T18:39:41+01:00,22.70,22.80,40.70,100871.00,90,0,0.00,0,end_of_entr
2017-03-29T18:40:20+01:00,22.70,22.80,41.00,100881.00,203,0,0.00,0,end_of_ent
2017-03-29T18:41:00+01:00,22.70,22.80,40.70,100875.00,158,0,0.00,0,end_of_ent
2017-03-29T18:41:40+01:00,22.80,22.40.40,100878.00,44,0,0.00,0,end_of_entr
2017-03-29T18:42:19+01:00,22.80,22.90,40.60,100867.00,43,0,0.00,0,end_of_entr
2017-03-29T18:43:00+01:00,22.80,22.90,40.80,100877.00,146,285,0.00,0,end_of_entr
2017-03-29T18:43:40+01:00,90,23.00,40.60,100876.00,348,54,0.00,0,end_of_entry
2017-03-29T18:44:20+01:00,22.90,23.00,40.80,100880.00,1793,0,0.00,0,end_of_entry
2017-03-29T18:45:01+01:00,22.90,23.10,40.60,100874.00,664,150,0.00,0,end_of_entr
2017-03-29T18:45:25+01:00,
2017-03-29T18:46:07+01:00,22.90,22.90,41.20,100876.00,65121,9,0.00,0,end_of_entr
2017-03-29T18:46:47+01:00,22.90,22.90,41.60,100880.00,135233,434,0.00,0,end_of_entr
2017-03-29T18:47:27+01:00,22.90,22.80,41.80,100879.00,146174,871,0.00,0,end_of_entr
2017-03-29T18:48:08+01:00,22.80,22.70,41.70,100875.00,153153,647,0.00,0,end_of_entr
2017-03-29T18:48:48+01:00,22.80,22.70,41.70,100876.00,135698,902,0.00,0,end_of_entr
2017-03-29T18:49:28+01:00,22.70,22.70,41.60,100874.00,158101,1331,0.00,0,end_of_ent
2017-03-29T18:50:08+01:00,22.70,22.60,41.60,100870.00,127187,1363,0.00,0,end_of_ent
2017-03-29T18:50:49+01:00,22.70,22.70,41.60,100867.00,99754,862,0.00,0,end_of_entry
2017-03-29T18:51:29+01:00,22.60,22.70,41.40,100880.00,124475,479,0.00,0,end_of_entr
2017-03-29T18:52:10+01:00,22.60,22.70,41.50,100871.00,126373,954,0.00,0,end_of_entr
2017-03-29T18:52:50+01:00,22.60,22.70,41.80,100880.00,181196,979,0.00,0,end_of_entr
2017-03-29T18:53:30+01:00,22.60,22.70,41.80,100877.00,163739,1025,0.00,0,end_of_ent
2017-03-29T18:54:11+01:00,22.60,22.70,42.10,100875.00,178216,1396,0.00,0,end_of_ent
2017-03-29T18:54:51+01:00,22.60,22.70,41.90,100877.00,210866,1750,0.00,0,end_of_ent
2017-03-29T18:55:31+01:00,22.60,22.70,41.80,100874.00,188155,1651,0.00,0,end_of_ent
2017-03-29T18:56:12+01:00,22.60,22.70,41.80,100875.00,206971,1255,0.00,0,end_of_ent
2017-03-29T18:56:52+01:00,22.60,22.70,41.90,100874.00,228426,1829,0.00,0,end_of_ent
2017-03-29T18:57:32+01:00,22.50,22.70,41.90,100871.00,235900,1705,0.00,0,end_of_ent
2017-03-29T18:58:13+01:00,22.60,22.70,42.00,100882.00,217985,2043,0.00,0,end_of_ent
2017-03-29T18:58:53+01:00,22.60,22.70,42.00,100882.00,199731,1420,0.00,0,end_of_ent
2017-03-29T18:59:34+01:00,22.50,22.70,42.00,100890.00,208642,1103,0.00,0,end_of_ent
2017-03-29T19:00:14+01:00,22.60,22.70,42.20,100890.00,188097,1172,0.00,0,end_of_ent
2017-03-29T19:00:54+01:00,22.50,22.70,42.10,100895.00,237365,1394,0.00,0,end_of_ent
2017-03-29T19:01:35+01:00,22.60,22.60,42.20,100890.00,270812,1988,0.00,0,end_of_ent
2017-03-29T19:02:15+01:00,22.60,22.60,41.90,100888.00,258564,1778, INF,1,end_of_ent
2017-03-29T19:02:55+01:00,22.50,22.60,41.80,100878.00,247650,3248,0.00,0,end_of_ent
2017-03-29T19:03:35+01:00,22.60,22.50,43.00,100879.00,293721,2674,0.00,0,end_of_ent
2017-03-29T19:04:15+01:00,22.50,22.30,41.90,100872.00,263541,3545,0.00,0,end_of_ent
2017-03-29T19:04:56+01:00,22.30,22.20,41.20,100868.00,272989,2672,0.00,0,end_of_ent
2017-03-29T19:05:36+01:00,22.20,22.10,42.00,100871.00,300543,2683,0.00,0,end_of_ent
2017-03-29T19:06:16+01:00,22.10,21.90,41.70,100868.00,312941,3952,0.00,0,end_of_ent
2017-03-29T19:06:57+01:00,22.10,21.41.50,100869.00,279061,2767,0.00,0,end_of_ent
2017-03-29T19:07:37+01:00,22.00,21.80,41.70,100863.00,290222,3079,0.00,0,end_of_ent
2017-03-29T19:08:17+01:00,21.90,21.70,41.40,100869.00,268314,4209,0.00,0,end_of_ent
2017-03-29T19:08:57+01:00,21.70,21.70,41.60,100871.00,257259,3476,0.00,0,end_of_ent
2017-03-29T19:09:37+01:00,21.70,21.60,42.40,100864.00,304065,3590,0.00,0,end_of_ent
2017-03-29T19:10:17+01:00,21.70,21.60,41.90,100870.00,313940,2843,0.00,0,end_of_ent
2017-03-29T19:10:58+01:00,21.70,21.50,42.90,100871.00,272720,3375,0.00,0,end_of_ent
2017-03-29T19:11:38+01:00,21.70,21.40,41.90,100867.00,289258,2609,0.00,0,end_of_ent
2017-03-29T19:12:18+01:00,21.60,21.40,41.60,100876.00,335095,3912,0.00,0,end_of_ent
2017-03-29T19:12:58+01:00,21.60,21.40,41.20,100872.00,336281,3149,0.00,0,end_of_ent
2017-03-29T19:13:38+01:00,21.50,21.60,42.10,100864.00,285685,3591,0.00,0,end_of_ent
2017-03-29T19:14:18+01:00,21.50,21.70,42.10,100870.00,298806,3353,0.00,0,end_of_ent
2017-03-29T19:14:58+01:00,21.60,21.80,41.40,100873.00,311427,2938,0.00,0,end_of_ent
2017-03-29T19:15:38+01:00,21.70,22.00,41.20,100877.00,306896,3561,0.00,0,end_of_ent
2017-03-29T19:16:19+01:00,21.70,22.10,40.70,100867.00,257634,3494,0.00,0,end_of_ent
2017-03-29T19:16:59+01:00,21.80,22.10,40.60,100872.00,318973,3132,0.00,0,end_of_ent
2017-03-29T19:17:39+01:00,21.90,22.20,41.20,100881.00,286437,2750,0.00,0,end_of_ent
2017-03-29T19:18:19+01:00,21.90,22.30,40.90,100875.00,295999,2834,0.00,0,end_of_ent
2017-03-29T19:19:00+01:00,22.00,22.40,40.70,100869.00,290189,3103,0.00,0,end_of_ent
2017-03-29T19:19:40+01:00,22.10,22.40,41.00,100873.00,295258,3701,0.00,0,end_of_ent
2017-03-29T19:20:20+01:00,22.10,22.40,40.80,100865.00,307603,3374,0.00,0,end_of_ent
2017-03-29T19:21:00+01:00,22.20,22.40,40.90,100874.00,307909,3382,0.00,0,end_of_ent
2017-03-29T19:21:41+01:00,22.20,22.50,40.90,100878.00,313236,4534,0.00,0,end_of_ent
2017-03-29T19:22:21+01:00,22.20,22.50,40.90,100874.00,313175,3713,0.00,0,end_of_ent
2017-03-29T19:23:01+01:00,22.30,22.50,41.10,100879.00,334270,3481,0.00,0,end_of_ent
2017-03-29T19:23:41+01:00,22.30,22.50,41.10,100875.00,306598,4698,0.00,0,end_of_ent
2017-03-29T19:24:21+01:00,22.30,22.50,41.10,100872.00,286060,4016,0.00,0,end_of_ent
2017-03-29T19:25:01+01:00,22.30,22.60,41.10,100870.00,280574,2679,0.00,0,end_of_ent
2017-03-29T19:25:41+01:00,22.30,22.50,41.10,100876.00,271276,3725,0.00,0,end_of_ent
2017-03-29T19:26:21+01:00,22.40,22.50,41.20,100872.00,260533,3139,0.00,0,end_of_ent
2017-03-29T19:27:01+01:00,22.40,22.50,41.20,100870.00,260656,2349,0.00,0,end_of_ent
2017-03-29T19:27:42+01:00,22.40,22.50,41.20,100873.00,300619,2788,0.07,1,end_of_ent
2017-03-29T19:28:22+01:00,22.40,22.50,41.20,100873.00,271807,3199,0.00,0,end_of_ent
2017-03-29T19:29:02+01:00,22.50,22.50,41.30,100865.00,261454,3550,0.00,0,end_of_ent
2017-03-29T19:29:42+01:00,22.40,22.50,41.20,100877.00,276102,3929, INF,0,end_of_ent
2017-03-29T19:30:22+01:00,22.50,22.50,41.30,100873.00,279249,2946,0.00,0,end_of_ent
2017-03-29T19:31:02+01:00,22.50,22.50,41.30,100878.00,291452,2937,0.00,0,end_of_ent
2017-03-29T19:31:42+01:00,22.50,22.50,41.30,100880.00,287644,3548,0.00,0,end_of_ent
2017-03-29T19:32:23+01:00,22.50,22.50,41.30,100871.00,292177,3178,0.00,0,end_of_ent
2017-03-29T19:33:03+01:00,22.50,22.50,41.30,100870.00,311540,3282,0.00,0,end_of_ent
2017-03-29T19:33:43+01:00,22.50,22.50,41.30,100877.00,297182,3395,0.00,0,end_of_ent
2017-03-29T19:34:23+01:00,22.50,22.50,41.30,100875.00,290653,3225,0.00,0,end_of_ent
2017-03-29T19:35:03+01:00,22.50,22.50,41.30,100870.00,304020,3532,0.00,0,end_of_ent
2017-03-29T19:35:43+01:00,22.50,22.50,41.30,100875.00,292181,3519,0.00,0,end_of_ent
2017-03-29T19:36:23+01:00,22.50,22.40,41.30,100876.00,312901,2913,0.00,0,end_of_ent
2017-03-29T19:37:03+01:00,22.50,22.40,41.10,100873.00,301177,3000,0.00,0,end_of_ent
2017-03-29T19:37:44+01:00,22.50,22.50,41.00,100869.00,304894,4137,0.00,0,end_of_ent
2017-03-29T19:38:24+01:00,22.50,22.50,41.20,100879.00,282333,4360,0.00,0,end_of_ent
2017-03-29T19:39:04+01:00,22.50,22.50,40.70,100877.00,318452,3218,0.00,0,end_of_ent
2017-03-29T19:39:44+01:00,22.50,22.50,40.50,100874.00,278020,4634,0.00,0,end_of_ent
2017-03-29T19:40:24+01:00,22.50,22.50,40.50,100876.00,230340,2557,0.00,0,end_of_ent
2017-03-29T19:41:04+01:00,22.50,22.50,40.70,100875.00,208895,2058,0.00,0,end_of_ent
2017-03-29T19:41:45+01:00,22.50,22.60,41.10,100868.00,195644,3527,0.00,0,end_of_ent
2017-03-29T19:42:25+01:00,22.50,22.60,40.60,100871.00,212652,2247,0.00,0,end_of_ent
2017-03-29T19:43:05+01:00,22.60,22.60,40.60,100864.00,198995,2528,0.00,0,end_of_ent
2017-03-29T19:43:45+01:00,22.60,22.70,40.40,100854.00,201960,1503,0.00,0,end_of_ent
2017-03-29T19:44:26+01:00,22.60,22.60,40.80,100852.00,243480,1276,0.00,0,end_of_ent
2017-03-29T19:45:06+01:00,22.60,22.60,40.50,100844.00,266207,3111,0.00,0,end_of_ent
2017-03-29T19:45:46+01:00,22.60,22.70,40.40,100845.00,263615,2559,0.00,0,end_of_ent
2017-03-29T19:46:27+01:00,22.60,22.60,40.30,100845.00,252677,3464,0.00,0,end_of_ent
2017-03-29T19:47:07+01:00,22.60,22.70,40.30,100830.00,314450,3286,0.00,0,end_of_ent
2017-03-29T19:47:47+01:00,22.60,22.70,40.20,100844.00,299019,4253,0.00,0,end_of_ent
2017-03-29T19:48:28+01:00,22.60,22.70,40.10,100850.00,317353,3506,0.00,0,end_of_ent
2017-03-29T19:49:08+01:00,22.60,22.70,40.30,100845.00,283318,3066,0.00,0,end_of_ent
2017-03-29T19:49:48+01:00,22.60,22.70,40.20,100852.00,297088,3512,0.00,0,end_of_ent
2017-03-29T19:50:28+01:00,22.60,22.70,40.10,100848.00,300573,2861,0.00,0,end_of_ent
2017-03-29T19:51:08+01:00,22.70,22.70,40.20,100848.00,278079,4267,0.00,0,end_of_ent
2017-03-29T19:51:48+01:00,22.70,22.70,40.10,100854.00,325652,3646,0.00,0,end_of_ent
2017-03-29T19:52:28+01:00,22.70,22.70,40.10,100854.00,341911,4852,0.00,0,end_of_ent
2017-03-29T19:53:09+01:00,22.70,22.70,40.10,100852.00,323128,3978,0.00,0,end_of_ent
2017-03-29T19:53:49+01:00,22.70,22.70,40.10,100854.00,299721,3678,0.00,0,end_of_ent
2017-03-29T19:54:29+01:00,22.70,22.70,40.10,100859.00,326521,4343,0.00,0,end_of_ent
2017-03-29T19:55:09+01:00,22.70,22.70,40.10,100858.00,326759,4270,0.00,0,end_of_ent
2017-03-29T19:55:50+01:00,22.70,22.70,40.20,100863.00,302489,2907,0.00,0,end_of_ent
2017-03-29T19:56:31+01:00,22.70,22.70,40.10,100863.00,321971,3585,0.00,0,end_of_ent
2017-03-29T19:57:11+01:00,22.70,22.70,40.00,100859.00,278025,3400,0.00,0,end_of_ent
2017-03-29T19:57:51+01:00,22.70,22.70,40.00,100865.00,303855,4290, INF,1,end_of_ent
2017-03-29T19:58:31+01:00,22.70,22.70,40.00,100861.00,260136,3670,0.00,0,end_of_ent
2017-03-29T19:59:11+01:00,22.70,22.70,40.00,100864.00,348621,3456,0.00,0,end_of_ent
2017-03-29T19:59:51+01:00,22.70,22.80,40.20,100865.00,326867,3481,0.00,0,end_of_ent
2017-03-29T20:00:31+01:00,22.70,22.80,40.40,100859.00,309837,3326,0.00,0,end_of_ent
2017-03-29T20:01:11+01:00,22.70,22.80,40.60,100859.00,266873,2757, INF,0,end_of_ent
2017-03-29T20:01:51+01:00,22.70,22.90,40.90,100859.00,282969,3283,0.00,0,end_of_ent
2017-03-29T20:02:32+01:00,22.70,22.90,40.60,100851.00,244115,2398,0.00,0,end_of_ent
2017-03-29T20:03:12+01:00,22.80,22.90,40.70,100859.00,313247,2379,0.00,0,end_of_ent
2017-03-29T20:03:52+01:00,22.70,22.90,40.70,100864.00,261823,2186,0.00,0,end_of_ent
2017-03-29T20:04:32+01:00,22.80,22.90,40.50,100862.00,269361,3109,0.00,0,end_of_ent
2017-03-29T20:05:12+01:00,22.80,22.90,40.40,100862.00,253646,3056,0.00,0,end_of_ent
2017-03-29T20:05:52+01:00,22.80,22.90,40.20,100860.00,261340,2927, INF,1,end_of_ent
2017-03-29T20:06:33+01:00,22.80,22.90,40.30,100863.00,267517,2910,0.00,0,end_of_ent
2017-03-29T20:07:13+01:00,22.80,22.90,40.30,100866.00,288235,2575,0.00,0,end_of_ent
2017-03-29T20:07:53+01:00,22.80,22.90,40.10,100861.00,235065,3076,0.0,end_of_ent
2017-03-29T20:08:33+01:00,22.80,22.80,40.10,100863.00,302792,2863,0.00,0,end_of_ent
2017-03-29T20:09:14+01:00,22.80,22.80,40.70,100857.00,216471,3318,0.00,0,end_of_ent
2017-03-29T20:09:54+01:00,22.80,22.90,40.30,100856.00,172775,1916,0.00,0,end_of_ent
2017-03-29T20:10:34+01:00,22.80,22.90,40.20,100855.00,195739,1127,0.00,0,end_of_ent
2017-03-29T20:11:14+01:00,22.80,22.90,40.50,100860.00,229109,1747,0.00,0,end_of_ent
2017-03-29T20:11:55+01:00,22.80,22.90,40.30,100857.00,236829,1578,0.00,0,end_of_ent
2017-03-29T20:12:35+01:00,22.80,22.90,40.40,100855.00,237095,2437,0.00,0,end_of_ent
2017-03-29T20:13:15+01:00,22.80,23.00,40.90,100857.00,246315,2117,0.00,0,end_of_ent
2017-03-29T20:13:55+01:00,22.90,23.10,41.10,100853.00,194057,1883,0.00,0,end_of_ent
2017-03-29T20:14:36+01:00,22.90,23.00,41.00,100851.00,211223,1845,0.00,0,end_of_ent
2017-03-29T20:15:16+01:00,22.90,23.00,40.90,100852.00,196106,2347,0.00,0,end_of_ent
2017-03-29T20:15:56+01:00,22.90,23.00,40.80,100847.00,201950,1580,0.00,0,end_of_ent
2017-03-29T20:16:36+01:00,22.90,23.00,40.60,100850.00,165748,1190,0.00,0,end_of_ent
2017-03-29T20:17:16+01:00,22.90,23.00,40.60,100850.00,188725,1588,0.00,0,end_of_ent
2017-03-29T20:17:56+01:00,23.00,23.00,40.70,100849.00,202327,864,0.00,0,end_of_entr
2017-03-29T20:18:37+01:00,22.90,23.00,40.40,100850.00,186371,1418,0.00,0,end_of_ent
2017-03-29T20:19:17+01:00,22.90,23.00,40.40,100852.00,194217,2416,0.00,0,end_of_ent
2017-03-29T20:19:57+01:00,22.90,23.00,40.40,100856.00,241170,1088,0.00,0,end_of_ent
2017-03-29T20:20:38+01:00,23.00,23.00,40.50,100852.00,225445,1652,0.00,0,end_of_ent
2017-03-29T20:21:18+01:00,23.00,23.00,40.40,100848.00,211493,2075,0.00,0,end_of_ent
2017-03-29T20:21:58+01:00,23.00,23.00,40.40,100857.00,237021,2503,0.00,0,end_of_ent
2017-03-29T20:22:38+01:00,23.00,23.00,40.30,100848.00,179127,1779,0.00,0,end_of_ent
2017-03-29T20:23:19+01:00,23.00,23.00,40.20,100852.00,185997,1159,0.00,0,end_of_ent
2017-03-29T20:23:59+01:00,23.00,23.00,40.20,100848.00,235858,2147,0.00,0,end_of_ent
2017-03-29T20:24:39+01:00,23.00,23.00,40.20,100857.00,234667,2844,0.00,0,end_of_ent
2017-03-29T20:25:19+01:00,23.00,23.00,40.10,100856.00,233955,1943,0.00,0,end_of_ent
2017-03-29T20:25:59+01:00,23.00,23.00,40.00,100860.00,284119,2468,0.00,0,end_of_ent
2017-03-29T20:26:40+01:00,23.00,23.00,40.00,100860.00,285164,3693,0.00,0,end_of_ent
2017-03-29T20:27:20+01:00,23.00,23.00,39.90,100857.00,244610,2705,0.00,0,end_of_ent
2017-03-29T20:28:01+01:00,23.00,23.00,39.90,100870.00,276118,2627, INF,1,end_of_ent
2017-03-29T20:28:41+01:00,23.00,23.00,39.80,100867.00,251363,2680,0.00,0,end_of_ent
2017-03-29T20:29:21+01:00,23.00,23.10,39.90,100866.00,270327,1603,0.00,0,end_of_ent
2017-03-29T20:30:02+01:00,23.00,23.10,40.10,100865.00,281040,2155,0.00,0,end_of_ent
2017-03-29T20:30:42+01:00,23.00,23.10,39.80,100867.00,281738,3569,0.00,0,end_of_ent
2017-03-29T20:31:22+01:00,23.00,23.10,39.80,100860.00,302083,3032,0.00,0,end_of_ent
2017-03-29T20:32:02+01:00,23.00,23.10,39.80,100861.00,241330,2349,0.00,0,end_of_ent
2017-03-29T20:32:43+01:00,23.00,23.10,40.00,100858.00,255236,1381,0.00,1,end_of_ent
2017-03-29T20:33:23+01:00,23.00,23.20,39.90,100861.00,230892,1841, INF,0,end_of_ent
2017-03-29T20:34:03+01:00,23.10,23.20,40.10,100855.00,241412,2899,0.00,0,end_of_ent
2017-03-29T20:34:43+01:00,23.10,23.20,40.10,100859.00,261197,2462,0.00,0,end_of_ent
2017-03-29T20:35:23+01:00,23.10,23.30,40.50,100862.00,322746,3110,0.00,0,end_of_ent
2017-03-29T20:36:03+01:00,23.10,23.30,41.30,100865.00,299795,3843,0.00,0,end_of_ent
2017-03-29T20:36:44+01:00,23.10,23.20,40.90,100858.00,273609,3149,0.00,0,end_of_ent
2017-03-29T20:37:24+01:00,23.10,23.20,42.00,100863.00,291296,3010,0.00,0,end_of_ent
2017-03-29T20:38:04+01:00,23.10,23.20,41.90,100856.00,293440,2812,0.00,0,end_of_ent
2017-03-29T20:38:44+01:00,23.10,23.30,41.00,100859.00,297073,3779,0.00,0,end_of_ent
2017-03-29T20:39:25+01:00,23.10,23.30,40.70,100860.00,287558,2136,0.00,0,end_of_ent
2017-03-29T20:40:05+01:00,23.10,23.30,41.00,100861.00,267263,3062,0.00,0,end_of_ent
2017-03-29T20:40:45+01:00,23.10,23.30,40.60,100864.00,257344,3393,0.00,0,end_of_ent
2017-03-29T20:41:25+01:00,23.10,23.30,40.50,100861.00,290653,2622,0.00,0,end_of_ent
2017-03-29T20:42:05+01:00,23.10,23.30,40.50,100858.00,315896,3595,0.00,0,end_of_ent
2017-03-29T20:42:46+01:00,23.10,23.30,40.50,100866.00,330790,4154,0.00,0,end_of_ent
2017-03-29T20:43:26+01:00,23.20,23.30,40.70,100858.00,298930,2841,0.00,0,end_of_ent
2017-03-29T20:44:06+01:00,23.20,23.30,40.60,100862.00,271937,2776,0.00,0,end_of_ent
2017-03-29T20:44:46+01:00,23.20,23.30,40.70,100859.00,298845,3542,0.00,0,end_of_ent
2017-03-29T20:45:26+01:00,23.20,23.30,40.60,100871.00,279695,3170,0.00,0,end_of_ent
2017-03-29T20:46:06+01:00,23.20,23.30,40.70,100869.00,241104,3209,0.00,0,end_of_ent
2017-03-29T20:46:47+01:00,23.20,23.40,41.40,100871.00,249186,2632,0.00,0,end_of_ent
2017-03-29T20:47:27+01:00,23.20,23.40,41.10,100877.00,299504,2620,0.00,0,end_of_ent
2017-03-29T20:48:07+01:00,23.20,23.40,41.00,100879.00,287798,3204,0.00,0,end_of_ent
2017-03-29T20:48:47+01:00,23.20,23.50,40.70,100878.00,285875,3757,0.00,0,end_of_ent
2017-03-29T20:49:28+01:00,23.20,23.50,41.90,100881.00,299434,3373,0.00,0,end_of_ent
2017-03-29T20:50:08+01:00,23.30,23.50,42.30,100883.00,326795,3322,0.00,0,end_of_ent
2017-03-29T20:50:48+01:00,23.20,23.50,42.20,100877.00,300812,3178,0.00,0,end_of_ent
2017-03-29T20:51:28+01:00,23.20,23.50,42.20,100875.00,330722,3424,0.00,0,end_of_ent
2017-03-29T20:52:08+01:00,23.30,23.50,42.30,100888.00,308520,4239,0.00,0,end_of_ent
2017-03-29T20:52:48+01:00,23.30,23.50,42.30,100878.00,311563,3724,0.00,0,end_of_ent
2017-03-29T20:53:28+01:00,23.30,23.50,42.30,100878.00,347312,3683,0.00,0,end_of_ent
2017-03-29T20:54:09+01:00,23.30,23.50,42.30,100879.00,341426,3175,0.00,0,end_of_ent
2017-03-29T20:54:49+01:00,23.30,23.50,42.30,100880.00,308672,3525,0.00,0,end_of_ent
2017-03-29T20:55:29+01:00,23.30,23.50,42.30,100890.00,308374,4180,0.00,0,end_of_ent
2017-03-29T20:56:10+01:00,23.30,23.50,42.30,100889.00,315831,3782,0.00,0,end_of_ent
2017-03-29T20:56:50+01:00,23.30,23.50,42.30,100879.00,316076,3644,0.00,0,end_of_ent
2017-03-29T20:57:30+01:00,23.40,23.50,42.50,100891.00,319252,4061,0.00,0,end_of_ent
2017-03-29T20:58:10+01:00,23.40,23.50,42.50,100887.00,330378,3486,0.00,0,end_of_ent
2017-03-29T20:58:51+01:00,23.40,23.50,42.40,100889.00,314624,3154,0.00,0,end_of_ent
2017-03-29T20:59:31+01:00,23.40,23.50,42.30,100901.00,340530,4097,0.0,end_of_ent
2017-03-29T21:00:11+01:00,23.40,23.50,42.20,100896.00,350206,4374,0.00,0,end_of_ent
2017-03-29T21:00:51+01:00,23.40,23.60,42.40,100904.00,358954,3962,0.00,0,end_of_ent
2017-03-29T21:01:32+01:00,23.40,23.60,42.10,100903.00,346258,3816,0.00,0,end_of_ent
2017-03-29T21:02:12+01:00,23.40,23.60,42.30,100908.00,334395,3933,0.00,0,end_of_ent
2017-03-29T21:02:52+01:00,23.40,23.60,42.10,100910.00,344119,3767,0.00,0,end_of_ent
2017-03-29T21:03:32+01:00,23.40,23.60,42.00,100910.00,328571,3611,0.00,0,end_of_ent
2017-03-29T21:04:12+01:00,23.40,23.60,42.10,100916.00,279577,3250,0.00,0,end_of_ent
2017-03-29T21:04:52+01:00,23.40,23.60,42.10,100918.00,343218,3474,0.00,0,end_of_ent
2017-03-29T21:05:32+01:00,23.40,23.60,42.10,100914.00,295917,4036,0.00,0,end_of_ent
2017-03-29T21:06:13+01:00,23.40,23.60,42.00,100921.00,336351,2479,0.00,0,end_of_ent
2017-03-29T21:06:53+01:00,23.40,23.60,42.50,100915.00,315918,4257,0.00,0,end_of_ent
2017-03-29T21:07:33+01:00,23.50,23.60,42.60,100917.00,309532,3138,0.00,0,end_of_ent
2017-03-29T21:08:13+01:00,23.50,23.60,42.60,100914.00,312824,3631,0.00,0,end_of_ent
2017-03-29T21:08:53+01:00,23.50,23.60,42.60,100913.00,344540,4718,0.00,0,end_of_ent
2017-03-29T21:09:34+01:00,23.50,23.60,42.60,100920.00,340258,5176,0.00,0,end_of_ent
2017-03-29T21:10:14+01:00,23.50,23.60,42.60,100913.00,313099,4561,0.00,0,end_of_ent
2017-03-29T21:10:54+01:00,23.50,23.70,42.60,100910.00,330180,3789,0.00,0,end_of_ent
2017-03-29T21:11:34+01:00,23.50,23.70,42.60,100912.00,333547,3528,0.00,0,end_of_ent
2017-03-29T21:12:14+01:00,23.50,23.70,42.60,100908.00,304800,4454,0.00,0,end_of_ent
2017-03-29T21:12:54+01:00,23.50,23.60,42.60,100897.00,340791,3236,0.00,0,end_of_ent
2017-03-29T21:13:34+01:00,23.60,23.70,42.70,100898.00,321802,3350,0.00,0,end_of_ent
2017-03-29T21:14:15+01:00,23.50,23.70,42.40,100892.00,351589,3393,0.00,0,end_of_ent
2017-03-29T21:14:55+01:00,23.50,23.70,42.60,100888.00,343029,4487,0.00,0,end_of_ent
2017-03-29T21:15:35+01:00,23.50,23.70,42.20,100894.00,347073,3958,0.00,0,end_of_ent
2017-03-29T21:16:15+01:00,23.50,23.70,42.60,100892.00,335416,3270,0.00,0,end_of_ent
2017-03-29T21:16:56+01:00,23.60,23.70,42.70,100892.00,297879,4215,0.00,0,end_of_ent
2017-03-29T21:17:36+01:00,23.50,23.70,43.20,100902.00,314678,4370,0.00,0,end_of_ent
2017-03-29T21:18:16+01:00,23.50,23.70,42.60,100890.00,338356,4115,0.00,0,end_of_ent
2017-03-29T21:18:56+01:00,23.60,23.70,42.70,100894.00,300031,4707,0.00,0,end_of_ent
2017-03-29T21:19:36+01:00,23.60,23.70,42.70,100896.00,328157,3638,0.00,0,end_of_ent
2017-03-29T21:20:16+01:00,23.60,23.60,42.50,100898.00,330769,3268,0.00,0,end_of_ent
2017-03-29T21:20:56+01:00,23.60,23.60,42.50,100894.00,330003,3380,0.00,0,end_of_ent
2017-03-29T21:21:36+01:00,23.60,23.60,42.30,100897.00,312901,4658,0.00,0,end_of_ent
2017-03-29T21:22:17+01:00,23.60,23.60,42.10,100897.00,324758,3673,0.00,0,end_of_ent
2017-03-29T21:22:57+01:00,23.50,23.60,41.90,100885.00,301821,3792,0.00,0,end_of_ent
2017-03-29T21:23:38+01:00,23.50,23.60,41.90,100908.00,273799,3186,0.00,0,end_of_ent
2017-03-29T21:24:18+01:00,23.50,23.60,42.40,100900.00,288929,4062,0.00,0,end_of_ent
2017-03-29T21:24:58+01:00,23.50,23.60,42.30,100902.00,324107,3934,0.00,0,end_of_ent
2017-03-29T21:25:38+01:00,23.50,23.60,42.20,100899.00,312054,2703,0.10,0,end_of_ent
2017-03-29T21:26:18+01:00,23.60,23.60,42.40,100904.00,321381,3239,0.00,0,end_of_ent
2017-03-29T21:26:58+01:00,23.50,23.60,42.10,100904.00,264941,3691,0.00,0,end_of_ent
2017-03-29T21:27:39+01:00,23.50,23.60,42.10,100907.00,320353,4473,0.00,0,end_of_ent
2017-03-29T21:28:19+01:00,23.50,23.50,41.80,100904.00,275041,2383,0.00,0,end_of_ent
2017-03-29T21:28:59+01:00,23.50,23.50,42.20,100894.00,314494,3460,0.00,0,end_of_ent
2017-03-29T21:29:39+01:00,23.50,23.50,42.10,100896.00,308469,3475,0.00,0,end_of_ent
2017-03-29T21:30:19+01:00,23.50,23.60,41.90,100885.00,281907,2933,0.00,0,end_of_ent
2017-03-29T21:30:59+01:00,23.50,23.50,41.90,100890.00,265330,3254,0.00,0,end_of_ent
2017-03-29T21:31:39+01:00,23.50,23.50,41.60,100889.00,296823,2650,0.00,0,end_of_ent
2017-03-29T21:32:20+01:00,23.50,23.50,41.90,100895.00,295259,3186,0.00,0,end_of_ent
2017-03-29T21:33:00+01:00,23.40,23.50,41.70,100895.00,322831,3360, INF,1,end_of_ent
2017-03-29T21:33:40+01:00,23.40,23.50,41.40,100889.00,291070,3319,0.00,0,end_of_ent
2017-03-29T21:34:21+01:00,23.40,23.50,41.30,100896.00,284584,2783,0.00,0,end_of_ent
2017-03-29T21:35:01+01:00,23.40,23.50,41.20,100897.00,293230,3004,0.00,0,end_of_ent
2017-03-29T21:35:41+01:00,23.40,23.50,41.30,100894.00,271032,2365,0.00,0,end_of_ent
2017-03-29T21:36:21+01:00,23.40,23.50,41.20,100901.00,269882,3932,0.00,0,end_of_ent
2017-03-29T21:37:01+01:00,23.40,23.40,41.10,100895.00,286076,2640,0.00,0,end_of_ent
2017-03-29T21:37:42+01:00,23.40,23.50,41.10,100894.00,288972,3471,0.00,0,end_of_ent
2017-03-29T21:38:22+01:00,23.40,23.40,41.10,100895.00,320864,3660,0.00,0,end_of_ent
2017-03-29T21:39:02+01:00,23.40,23.40,41.00,100902.00,294113,3577,0.00,0,end_of_ent
2017-03-29T21:39:42+01:00,23.40,23.40,41.00,100903.00,305768,3766,0.00,0,end_of_ent
2017-03-29T21:40:22+01:00,23.40,23.40,40.90,100904.00,266759,3719,0.00,0,end_of_ent
2017-03-29T21:41:02+01:00,23.40,23.40,40.80,100902.00,286182,2952,0.00,0,end_of_ent
2017-03-29T21:41:42+01:00,23.40,23.40,40.80,100900.00,293741,2942,0.00,0,end_of_ent
2017-03-29T21:42:23+01:00,23.40,23.40,40.90,100902.00,291700,2387,0.00,0,end_of_ent
2017-03-29T21:43:03+01:00,23.40,23.40,40.80,100896.00,288765,3042,0.00,0,end_of_ent
2017-03-29T21:43:43+01:00,23.40,23.40,41.00,100898.00,321045,3685,0.00,0,end_of_ent
2017-03-29T21:44:23+01:00,23.40,23.40,40.70,100902.00,296556,2711,0.00,0,end_of_ent
2017-03-29T21:45:03+01:00,23.40,23.40,41.00,100902.00,266177,3175,0.00,0,end_of_ent
2017-03-29T21:45:43+01:00,23.40,23.40,40.70,100895.00,242033,2515,0.00,0,end_of_ent
2017-03-29T21:46:23+01:00,23.40,23.40,40.70,100889.00,338186,2370,0.00,0,end_of_ent
2017-03-29T21:47:03+01:00,23.40,23.40,41.20,100882.00,250596,2583,0.00,0,end_of_ent
2017-03-29T21:47:44+01:00,23.30,23.40,40.70,100886.00,277101,3498,0.00,0,end_of_ent
2017-03-29T21:48:24+01:00,23.40,23.40,40.70,100885.00,285066,2719,0.00,0,end_of_ent
2017-03-29T21:49:05+01:00,23.40,23.40,40.60,100881.00,259328,1712,0.00,0,end_of_ent
2017-03-29T21:49:45+01:00,23.40,23.40,40.70,100877.00,233960,2696,0.00,0,end_of_ent
2017-03-29T21:50:25+01:00,23.40,23.40,40.50,100877.00,235856,2155,0.00,0,end_of_ent
2017-03-29T21:51:05+01:00,23.40,23.50,40.60,100875.00,248457,2488,0.00,0,end_of_ent
2017-03-29T21:51:46+01:00,23.40,23.50,40.60,100871.00,322511,2531,0.00,306,end_of_entr
2017-03-29T21:52:26+01:00,23.40,23.40,40.70,100879.00,312643,2625,0.00,60,end_of_entry
2017-03-29T21:53:06+01:00,23.40,23.40,40.80,100875,299313,28780,end_of_ent
2017-03-29T21:53:47+01:00,23.30,23.40,40.70,100874.00,311942,3440,0.00,1208,end_of_ent
2017-03-29T21:54:28+01:00,23.30,23.40,41.10,100878.00,320037,3277,0.00,420,enf_entr
2017-03-29T21:55:09+01:00,23.30,23.40,40.60,100876.00,316744,4240,0.00,221,end_of_entr
2017-03-29T21:55:49+01:00,23.30,23.40,40.90,100867.00,257169,3417,0.00,0,end_of_ent
2017-03-29T21:56:29+01:00,23.30,23.40,41.50,100876.00,304051,3469,0.00,88,end_of_entry
2017-03-29T21:57:09+01:00,23.30,23.40,41.90,100876.00,290556,3167, INF,1,end_of_ent
2017-03-29T21:57:49+01:00,23.30,23.40,41.80,100867.00,302044,3625,0.00,0,end_of_ent
2017-03-29T21:58:30+01:00,23.30,23.40,41.00,100875.00,302371,3118,0.00,342,enf_entr
2017-03-29T21:59:11+01:00,23.30,23.40,40.70,100872.00,302608,3758,0.00,1528,end_of_ent
2017-03-29T21:59:51+01:00,23.30,23.40,41.00,100876.00,329078,3909,0.00,1539,end_of_ent
2017-03-29T22:00:32+01:00,23.30,23.40,41.00,100869.00,314794,2713,0.00,1528,end_of_ent
2017-03-29T22:01:12+01:00,23.30,23.40,41.10,100877.00,364666,4019,0.00,1530,end_of_ent
2017-03-29T22:01:53+01:00,23.20,23.40,41.10,100879.00,318682,2829,0.00,1538,end_of_ent
2017-03-29T22:02:34+01:00,23.30,23.40,40.90,100881.00,314346,3408,0.19,1358,end_of_ent
2017-03-29T22:03:15+01:00,23.30,23.40,41.00,100875.00,311245,3096,0.00,905,end_of_entr
2017-03-29T22:03:55+01:00,23.30,23.40,41.50,100878.00,312719,3520,0.00,36,end_of_entry
2017-03-29T22:04:36+01:00,23.50,41.10,100873.00,292968,2945,0.00,34,end_of_entry
2017-03-29T22:05:17+01:00,23.30,23.50,41.30,100884.00,299433,3210,0.00,14,end_of_entry
2017-03-29T22:05:57+01:00,23.23.50,41.20,100875.00,319588,3658,0.00,0,end_of_ent
2017-03-29T22:06:37+01:00,23.30,23.40,41.20,100882.00,309808,3542,0.00,0,end_of_ent
2017-03-29T22:07:17+01:00,23.30,23.40,40.90,100868.00,302003,4036,0.00,0,end_of_ent
2017-03-29T22:07:57+01:00,23.30,23.50,40.50,100878.00,270362,3313, INF,0,end_of_ent
2017-03-29T22:08:37+01:00,23.23.50,40.80,100872.00,298424,4290,0.00,0,end_of_ent
2017-03-29T22:09:18+01:00,23.30,23.50,40.90,100873.00,347760,2738,0.00,0,end_of_ent
2017-03-29T22:09:58+01:00,23.30,23.50,41.00,100872.00,303129,3636,0.00,0,end_of_ent
2017-03-29T22:10:38+01:00,23.30,23.50,70,100865.00,322295,3033,0.00,0,end_of_ent
2017-03-29T22:11:18+01:00,23.30,23.50,40.60,100870.00,322569,3676,0.00,0,end_of_ent
2017-03-29T22:11:58+01:00,23.30,23.60,40.40,100868.00,293411,3417, INF,0,end_of_ent
2017-03-29T22:12:39+01:00,23.30,23.60,40.50,100879.00,293702,3121,0.00,0,end_of_ent
2017-03-29T22:13:19+01:00,23.30,23.50,40.70,100876.00,292035,3144,0.00,0,end_of_ent
2017-03-29T22:13:59+01:00,30,23.50,40.50,100872.00,297967,2973,0.00,0,end_of_ent
2017-03-29T22:14:39+01:00,23.30,23.50,40.60,100874.00,326367,3056,0.00,0,end_of_ent
2017-03-29T22:15:20+01:00,23.30,23.50,40.80,100871.00,322567,3195,0.00,0,end_of_ent
2017-03-29T22:16:00+01:00,23.30,23.50,40.40,100868.00,314369,2947,0.00,0,end_of_ent
2017-03-29T22:16:40+01:00,23.30,23.50,40.70,100873.00,295098,3016,0.00,0,end_of_ent
2017-03-29T22:17:20+01:00,23.40,23.50,40.90,100882.00,288301,3380,0.00,0,end_of_ent
2017-03-29T22:18:00+01:00,23.30,23.50,40.90,100879.00,291024,3454,0.00,0,end_of_ent
2017-03-29T22:18:40+01:00,23.30,23.50,40.90,100879.00,288234,3250,0.00,0,end_of_ent
2017-03-29T22:19:20+01:00,23.30,23.50,40.80,100884.00,320155,4126,0.00,0,end_of_ent
2017-03-29T22:20:00+01:00,23.30,23.50,40.70,100879.00,323176,3116, INF,1,end_of_ent
2017-03-29T22:20:41+01:00,23.30,23.50,40.30,100886.000601,3733,0.00,0,end_of_ent
2017-03-29T22:21:21+01:00,23.30,23.50,40.70,100883.00,270070,3106,0.61,0,end_of_ent
2017-03-29T22:22:01+01:00,23.30,23.50,40.90,100886.00,325978,3162,0.00,0,end_of_ent
2017-03-29T22:22:42+01:00,23.30,23.50,42.00,100882.00,303977,2681,0.00,0,end_of_ent
2017-03-29T22:23:22+01:00,23.30,23.50,42.30,100887.00,321780,2671,0.00,0,end_of_ent
2017-03-29T22:24:03+01:00,23.30,23.60,42.40,100876.00,294360,3539,0.00,0,end_of_ent
2017-03-29T22:24:43+01:00,23.30,23.60,41.50,100887.00,280149,3513,0.00,0,end_of_ent
2017-03-29T22:25:23+01:00,23.30,23.60,41.70,888.00,279430,2116,0.00,0,end_of_ent
2017-03-29T22:26:03+01:00,23.30,23.60,41.40,100896.00,291028,2254,0.00,0,end_of_ent
2017-03-29T22:26:43+01:00,23.30,23.50,41.40,100897.00,257733,2139,0.00,0,end_of_ent
2017-03-29T22:27:24+01:00,23.30,23.50,41.80,100895.00,274021,2455,0.00,0,end_of_ent
2017-03-29T22:28:04+01:00,23.30,23.60,42.30,100899.00,211505,2748,0.00,0,end_of_ent
2017-03-29T22:28:44+01:00,23.30,23.60,42.30,100901.00,295287,3132,0.00,0,end_of_ent
2017-03-29T22:29:24+01:00,23.30,23.60,42.30,100896.00,289547,2965,0.00,0,end_of_ent
2017-03-29T22:30:04+01:00,23.30,23.60,42.30,100908.00,270609,3536,0.00,0,end_of_ent
2017-03-29T22:30:45+01:00,23.30,23.70,42.30,100908.00,307577,2965, INF,0,end_of_ent
2017-03-29T22:31:25+01:00,23.30,23.70,42.30,100909.00,292314,2278,0.00,0,end_of_ent
2017-03-29T22:32:05+01:00,23.30,23.70,42.50,100910.00,297267,2718,0.00,0,end_of_ent
2017-03-29T22:32:45+01:00,23.30,23.80,43.10,100915.00,366147,3307,0.00,0,end_of_ent
2017-03-29T22:33:26+01:00,23.30,23.80,43.00,100910.00,285408,3494,0.00,0,end_of_ent
2017-03-29T22:34:06+01:00,23.40,23.80,43.50,100911.00,320055,4240,0.00,0,end_of_ent
2017-03-29T22:34:46+01:00,23.40,23.80,44.50,100909.00,289877,4820,0.25,0,end_of_ent
2017-03-29T22:35:26+01:00,23.40,23.80,45.10,100907.00,261121,5017,0.00,0,end_of_ent
2017-03-29T22:36:06+01:00,23.40,23.80,45.30,100913.00,313203,4780NF,1,end_of_ent
2017-03-29T22:36:46+01:00,23.40,23.80,45.20,100.00,306270,4719,0.00,0,end_of_ent
2017-03-29T22:37:27+01:00,23.40,23.80,45.20,100920.00,29376694,0.00,0,end_of_ent
2017-03-29T22:38:07+01:00,23.50,23.80,45.10,100912.002,3796,0.0,end_of_ent
2017-03-29T22:38:47+01:00,23.50,23.80,45.00,100910.00,299624,4453,0.00,0,end_of_ent
2017-03-29T22:39:27+01:00,23.40,23.80,44.60,100916.00,319611,446000,nd_of_ent
2017-03-29T22:40:07+01:00,23.50,23.80,44.70,100917,299575,4827,0.0,end_of_ent
2017-03-29T22:40:47+01:00,23.50,23.80,44.50,100917.00,305801,5314,0.00,0,end_of_ent
2017-03-29T22:41:28+01:00,23.50,23.80,44.20,100921.00,309925,4586,0.00,0,end_of_ent
2017-03-29T22:42:08+01:00,23.50,23.80,44.100.00,310083,4124,0.00,0,end_of_ent
2017-03-29T22:42:48+01:00,23.50,23.80,44.10,100914.00,341069,413300,0,end_of_ent
2017-03-29T22:43:29+01:00,23.50,23.80,44.10,100917.00,342047,3998,0.00,0,end_of_ent
2017-03-29T22:44:09+01:00,23.50,23.80,44.00,100923.00,32699432,0.00,0,end_of_ent
2017-03-29T22:44:49+01:00,23.50,23.80,43.90,100928.00,303917,4227,0.00,0,end_ent
2017-03-29T22:45:29+01:00,23.50,23.80,43.80,100924.00,305963,3369,0.00,0,end_of_ent
2017-03-29T22:46:09+01:00,23.50,23.80,70,100924.00,284919,4859,0.00,0,end_of_ent
2017-03-29T22:46:49+01:00,23.50,23.80,43.50,100920.00,332825,4535,0.00,0,end_of_ent
2017-03-29T22:47:29+01:00,23.50,23.80,43.20,100919.00,302887,4155,0.00,0,end_of_ent
2017-03-29T22:48:09+01:00,23.50,23.80,43.20,100917.00,339284,3354,0.00,0,end_of_ent
2017-03-29T22:48:49+01:00,23.50,23.80,43.20,100919.00,291481,4516,0.00,0,end_of_ent
2017-03-29T22:49:29+01:00,23.50,23.80,43.10,100916.00,317363,4265,0.00,0,end_of_ent
2017-03-29T22:50:10+01:00,23.50,23.80,43.20,100921.00,322186,4653,0.00,0,end_of_ent
2017-03-29T22:50:50+01:00,23.50,23.80,43.20,100918.00,312219,4147,0.00,0,end_of_ent
2017-03-29T22:51:30+01:00,23.50,23.80,43.10,100907.00,317756,4396, INF,0,end_of_ent
2017-03-29T22:52:10+01:00,23.50,23.80,43.40,100913.00,349595,3717,0.00,0,end_of_ent
2017-03-29T22:52:50+01:00,23.50,23.80,43.60,100905.00,322410,3319,0.00,0,end_of_ent
2017-03-29T22:53:30+01:00,23.50,23.80,43.60,100910.00,306132,3977,0.00,0,end_of_ent
2017-03-29T22:54:10+01:00,23.50,23.80,43.60,100908.00,359937,3836,0.00,0,end_of_ent
2017-03-29T22:54:51+01:00,23.50,23.80,43.60,100908.00,331475,4004,0.00,0,end_of_ent
2017-03-29T22:55:31+01:00,23.50,23.80,43.60,100911.00,301142,3937,0.00,0,end_of_ent
2017-03-29T22:56:11+01:00,23.50,23.80,43.70,100910.00,330067,3981,0.00,0,end_of_ent
2017-03-29T22:56:51+01:00,23.50,23.80,43.60,100909.00,326399,4098,0.00,0,end_of_ent
2017-03-29T22:57:31+01:00,23.50,23.70,43.60,100910.00,341706,3512,0.00,0,end_of_ent
2017-03-29T22:58:11+01:00,23.50,23.70,43.40,100913.00,330222,4124,0.00,0,end_of_ent
2017-03-29T22:58:52+01:00,23.50,23.70,43.20,100910.00,321206,4379,0.00,0,end_of_ent
2017-03-29T22:59:32+01:00,23.50,23.70,43.20,100908.00,363122,4276,0.00,0,end_of_ent
2017-03-29T23:00:12+01:00,23.50,23.70,43.20,100912.00,353580,4092,0.00,0,end_of_ent
2017-03-29T23:00:52+01:00,23.50,23.70,43.30,100912.00,310153,4438,0.00,0,end_of_ent
2017-03-29T23:01:33+01:00,23.50,23.70,43.30,100910.00,31610974,0.00,0,end_of_ent
2017-03-29T23:02:13+01:00,23.50,23.70,43.20,100920.00,353984,3804,0.00,0,end_of_ent
2017-03-29T23:02:53+01:00,23.50,23.70,43.30,100916.00,306718,5204,0.00,0,end_of_ent
2017-03-29T23:03:33+01:00,23.40,23.70,43.30,100914.00,314240,4328,0.00,0,end_of_ent
2017-03-29T23:04:13+01:00,23.40,23.60,43.20,100911.00,299073,3665,0.00,0,end_of_ent
2017-03-29T23:04:54+01:00,23.40,23.60,43.00,100914.00,279184,3422,0.00,0,end_of_ent
2017-03-29T23:05:34+01:00,23.40,23.60,42.80,100904.00,305338,3540,0.00,0,end_of_ent
2017-03-29T23:06:14+01:00,23.40,23.60,42.90,100909.00,299271,2785,0.00,0,end_of_ent
2017-03-29T23:06:54+01:00,23.40,23.60,42.70,100914.00,314982,4256,0.00,0,end_of_ent
2017-03-29T23:07:34+01:00,23.40,23.60,43.00,100908.00,394306,3467, INF,0,end_of_ent
2017-03-29T23:08:14+01:00,23.40,23.60,42.80,100914.00,367582,4101,0.00,0,end_of_ent
2017-03-29T23:08:54+01:00,23.40,23.60,42.60,100912.00,357591,3980,0.00,0,end_of_ent
2017-03-29T23:09:34+01:00,23.40,23.50,42.50,100912.00,347057,4023,0.00,0,end_of_ent
2017-03-29T23:10:14+01:00,23.40,23.50,42.50,100916.00,327243,4246,0.00,0,end_of_ent
2017-03-29T23:10:55+01:00,23.40,23.50,42.50,100919.00,333808,3710,0.00,0,end_of_ent
2017-03-29T23:11:35+01:00,23.30,23.50,42.30,100922.00,345585,4051,0.00,0,end_of_ent
2017-03-29T23:12:15+01:00,23.30,23.50,42.30,100924.00,361927,3718,0.00,0,end_of_ent
2017-03-29T23:12:55+01:00,23.30,23.50,42.50,100923.00,344507,3586,0.00,0,end_of_ent
2017-03-29T23:13:35+01:00,23.30,23.50,42.40,100920.00,324434,3828,0.00,0,end_of_ent
2017-03-29T23:14:15+01:00,23.30,23.50,42.40,100920.00,327303,4624,0.00,0,end_of_ent
2017-03-29T23:14:55+01:00,23.30,23.50,42.40,100914.00,333866,4183,0.00,0,end_of_ent
2017-03-29T23:15:35+01:00,23.30,23.40,42.30,100920.00,335413,3962,0.00,0,end_of_ent
2017-03-29T23:16:16+01:00,23.30,23.40,42.30,100922.00,344243,3661,0.00,0,end_of_ent
2017-03-29T23:16:56+01:00,23.30,23.40,42.30,100918.00,334531,4072,0.00,0,end_of_ent
2017-03-29T23:17:36+01:00,23.30,23.40,42.30,100917.00,335982,3714,0.0,end_of_ent
2017-03-29T23:18:16+01:00,23.30,23.40,42.30,100921.00,347825,4628,0.00,nd_of_ent
2017-03-29T23:18:56+01:00,23.20,23.30,42.20,918.000597,3507,0.00,0,end_of_ent
2017-03-29T23:19:37+01:00,23.20,23.30,42.20,100920.00,326603,3349,0.00,0,end_of_ent
2017-03-29T23:20:17+01:00,23.20,23.30,42.20,100916.00,332009,4111,0.00,0,end_of_ent
2017-03-29T23:20:57+01:00,23.20,23.30,42.20,100919.00,359216,4558,0.00,0,end_of_ent
2017-03-29T23:21:37+01:00,23.20,23.30,42.20,100908.00,325174,4617,0.00,0,end_of_ent
2017-03-29T23:22:18+01:00,23.20,23.30,42.20,100908.00,337342,3846,0.00,0,end_of_ent
2017-03-29T23:22:58+01:00,23.20,23.30,42.20,100913.00,338280,3811,0.00,0,end_of_ent
2017-03-29T23:23:38+01:00,23.20,23.30,42.20,100913.00,379175,4752,0.00,0,end_of_ent
2017-03-29T23:24:19+01:00,23.20,23.20,42.20,100914.00,276607,4320,0.00,0,end_of_ent
2017-03-29T23:24:59+01:00,23.10,23.20,42.10,100909.00,342717,3317,0.00,0,end_of_ent
2017-03-29T23:25:39+01:00,23.10,23.20,42.10,100906.00,305968,4260,0.00,0,end_of_ent
2017-03-29T23:26:19+01:00,23.10,23.20,42.00,100912.00,306769,4195,0.00,0,end_of_ent
2017-03-29T23:26:59+01:00,23.10,23.20,42.00,100907.00,328965,3514,0.00,0,end_of_ent
2017-03-29T23:27:39+01:00,23.10,23.20,41.70,100911.00,331516,3745,0.00,0,end_of_ent
2017-03-29T23:28:20+01:00,23.10,23.20,41.80,100909.00,370029,3729,0.00,0,end_of_ent
2017-03-29T23:29:00+01:00,23.10,23.20,41.100911.00,331369,3575,0.00,0,end_of_ent
2017-03-29T23:29:40+01:00,23.10,23.20,41.70,100904.00,318878,4188,0.00,0,end_of_ent
2017-03-29T23:30:21+01:00,23.10,23.10,42.10,100908.00,342659,4963,0.00,nd_of_ent
2017-03-29T23:31:00+01:00,23.00,23.10,41.60,100912.00,333243,3737,0.00,0,end_of_ent
2017-03-29T23:31:41+01:00,23.00,23.10,41.90,100911.00,334925,3905,0.00,0,end_of_ent
2017-03-29T23:32:21+01:00,23.10,23.10,42.00,100908.00,340896,4741,0.00,0,end_of_ent
2017-03-29T23:33:01+01:00,23.00,23.10,41.70,100919.00,324614,4763,0.00,0,end_of_ent
2017-03-29T23:33:41+01:00,23.00,23.10,42.00,100913.00,317083,3873,0.00,0,end_of_ent
2017-03-29T23:34:21+01:00,23.00,23.10,41.80,100914.00,324671,4330,0.00,0,end_of_ent
2017-03-29T23:35:02+01:00,23.00,23.10,41.60,100917.00,297557,3516,0.00,0,end_of_ent
2017-03-29T23:35:42+01:00,23.00,23.10,41.60,100917.00,325798,3692, INF,0,end_of_ent
2017-03-29T23:36:22+01:00,23.00,23.10,41.30,100911.00,335528,3686,0.00,0,end_of_ent
2017-03-29T23:37:02+01:00,23.00,23.00,41.40,100909.00,342499,3503,0.00,0,end_of_ent
2017-03-29T23:37:42+01:00,23.00,23.00,41.40,100914.00,312346,3374,0.00,0,end_of_ent
2017-03-29T23:38:22+01:00,22.90,23.00,41.40,100910.00,320521,4369,0.00,0,end_of_ent
2017-03-29T23:39:02+01:00,22.90,23.00,41.60,100907.00,348882,3668,0.00,0,end_of_ent
2017-03-29T23:39:42+01:00,23.00,23.00,41.30,100907.00,334097,3366, INF,1,end_of_ent
2017-03-29T23:40:22+01:00,22.90,23.00,41.20,100903.00,333580,3414,0.00,0,end_of_ent
2017-03-29T23:41:02+01:00,22.90,23.00,41.30,100908.00,354235,3581,0.00,0,end_of_ent
2017-03-29T23:41:43+01:00,22.90,23.00,41.40,100908.00,333641,3733,0.00,0,end_of_ent
2017-03-29T23:42:23+01:00,22.90,23.00,41.80,100910.00,327860,3601,0.00,0,end_of_ent
2017-03-29T23:43:03+01:00,22.90,23.00,41.60,100911.00,354292,4742,0.00,0,end_of_ent
2017-03-29T23:43:43+01:00,22.90,23.00,41.90,100906.00,360878,4093,0.00,0,end_of_ent
2017-03-29T23:44:24+01:00,22.80,22.90,41.70,100901.00,341278,3770,0.00,0,end_of_ent
2017-03-29T23:45:04+01:00,22.90,22.90,41.80,100900.00,343922,3342,0.00,0,end_of_ent
2017-03-29T23:45:44+01:00,22.80,22.90,41.40,100900.00,337415,3493,0.00,0,end_of_ent
2017-03-29T23:46:24+01:00,22.90,22.90,41.30,100906.00,332389,3876,0.00,0,end_of_ent
2017-03-29T23:47:04+01:00,22.80,22.90,41.50,100910.00,339500,3473,0.00,0,end_of_ent
2017-03-29T23:47:44+01:00,22.90,22.90,41.30,100.00,334282,3776,0.00,0,end_of_ent
2017-03-29T23:48:25+01:00,22.80,22.90,41.20,100902.00,390320,3088,0.00,0,end_of_ent
2017-03-29T23:49:05+01:00,22.80,22.90,41.30,100909.00,370866,2895,0.00,0,end_of_ent
2017-03-29T23:49:45+01:00,22.80,22.80,41.10,100907.00,365773,3673,0.00,0,end_of_ent
2017-03-29T23:50:26+01:00,22.80,22.80,41.20,100912.00,346396,3647,0.00,94,end_of_entry
2017-03-29T23:51:06+01:00,22.80,22.80,41.70,100904.00,346565,3885,0.00,243,end_of_entr
2017-03-29T23:51:47+01:00,22.70,22.80,41.60,100900.00,368886,4823,0.00,15,end_of_entry
2017-03-29T23:52:27+01:00,22.70,22.80,41.60,100898.00,366873,4645,0.00,1,end_of_ent
2017-03-29T23:53:07+01:00,22.70,22.80,41.60,100914.00,345702,5380,0.00,0,end_of_ent
2017-03-29T23:53:47+01:00,22.70,22.80,41.60,100910.00,330492,2820,0.00,0,end_of_ent
2017-03-29T23:54:28+01:00,22.70,22.80,41.60,100909.00,359056,4042,0.00,0,end_of_ent
2017-03-29T23:55:08+01:00,22.70,22.80,41.60,100909.00,356453,4381,0.00,0,end_of_ent
2017-03-29T23:55:48+01:00,22.70,22.70,41.60,100902.00,317994,4449,0.00,0,end_of_ent
2017-03-29T23:56:28+01:00,22.60,22.70,41.40,100909.00,347087,3,0.00,0,end_of_ent
2017-03-29T23:57:08+01:00,22.60,22.60,41.40,100896.00,329367,3301,0.00,0,end_of_ent
2017-03-29T23:57:48+01:00,22.60,22.60,41.50,100908.00,350676,3217,0.00,0,end_of_ent
2017-03-29T23:58:28+01:00,22.60,22.60,41.40,100896.00,375216,3945,0.00,0,end_of_ent
2017-03-29T23:59:09+01:00,22.60,22.50,41.40,100904.00,367488,4103,0.00,0,end_of_ent
2017-03-29T23:59:49+01:00,22.60,22.50,41.40,100901.00,374264,3956,0.00,0,end_of_ent
2017-03-30T00:00:29+01:00,22.50,22.50,41.30,100903.00,335792,4032,0.00,0,end_of_ent
2017-03-30T00:01:09+01:00,22.50,22.50,41.30,100898.00,328527,3285,0.00,0,end_of_ent
2017-03-30T00:01:49+01:00,22.50,22.40,41.30,100898.00,348366,3603,0.00,0,end_of_ent
2017-03-30T00:02:29+01:00,22.50,22.40,41.30,100896.00,333730,3137,0.00,0,end_ent
2017-03-30T00:03:10+01:00,22.40,22.40,41.50,100899.00,322517,5082,0.00,0,end_of_ent
2017-03-30T00:03:50+01:00,22.40,22.40,41.20,100893.00,330169,3753,0.00,0,end_of_ent
2017-03-30T00:04:30+01:00,22.40,22.40,41.40,100893.00,354029,3095,0.00,0,end_of_ent
2017-03-30T00:05:10+01:00,22.40,22.30,41.40,100899.00,339104,3934, INF,0,end_of_ent
2017-03-30T00:05:50+01:00,22.40,22.30,42.30,100894.00,390971,3976,0.00,0,end_of_ent
2017-03-30T00:06:30+01:00,22.40,22.30,41.70,100895.00,349182,3974,0.00,0,eof_ent
2017-03-30T00:07:10+01:00,22.30,22.30,41.10,100897.00,325228,4990,0.00,0,end_of_ent
2017-03-30T00:07:50+01:00,22.30,22.30,41.10,100892.00,333403,3927,0.00,0,end_of_ent
2017-03-30T00:08:30+01:00,22.30,22.30,41.10,100901.00,346365,3977,0.00,nd_of_ent
2017-03-30T00:09:10+01:00,22.30,22.20,41.40,100901.00,333387,3877,0.00,0,end_of_ent
2017-03-30T00:09:51+01:00,30,22.20,41.10,100900,353015,4553,0.00,0,end_of_ent
2017-03-30T00:10:31+01:00,22.30,22.20,41.10,100893.00,344172,4183,0.00,0,end_of_ent
2017-03-30T00:11:11+01:00,22.30,22.20,41.10,100906.00,335613,3464,0.00,0,end_of_ent
2017-03-30T00:11:50+01:00,22.20,22.20,40.90,100895.00,349091,4073,0.00,0,end_of_
2017-03-30T00:12:31+01:00,22.20,22.20,41.70,100904.00,352830,3670,0.00,0,end_of_ent
2017-03-30T00:13:11+01:00,22.20,22.20,41.40,100901.00,354656,3848,0.00,0,end_of_ent
2017-03-30T00:13:51+01:00,22.20,22.20,41.50,100.00,365664,4099,0.00,0,end_of_ent
2017-03-30T00:14:31+01:00,22.20,22.10,41.00,100905.00,337498,4207,0.00,0,end_of_ent
2017-03-30T00:15:11+01:00,22.20,22.10,41.00,100901.00,326614,3400,0.00,0,end_of_ent
2017-03-30T00:15:52+01:00,22.20,22.10,42.20,100902.00,357031,4168,0.00,0,eof_ent
2017-03-30T00:16:32+01:00,22.20,22.10,42.20,100905.00,355419,3883,0.00,0,end_of_ent
2017-03-30T00:17:12+01:00,22.20,22.10,42.20,100903.00,352833,4901,0.00,0,end_of_ent
2017-03-30T00:17:53+01:00,22.10,22.10,42.10,100.00,366085,3553,0.00,0,end_of_ent
2017-03-30T00:18:33+01:00,22.10,22.10,41.60,100907.00,376512,4432,0.00,0,end_of_ent
2017-03-30T00:19:13+01:00,22.10,22.41.30,100897.00,337039,3846,0.00,0,end_of_ent
2017-03-30T00:19:53+01:00,22.10,22.00,41.30,100900.00,365645,3081,0.00,0,end_of_ent
2017-03-30T00:20:33+01:00,22.10,22.00,41.60,100902.001807,3712,0.00,0,end_of_ent
2017-03-30T00:21:14+01:00,22.10,22.00,41.90,100902.00,331538,4275,0.00,0,end_of_ent
2017-03-30T00:21:54+01:00,22.00,22.00,41.60,100907.00,330932,5148,0.00,0,end_of_ent
2017-03-30T00:22:34+01:00,22.10,22.00,41.90,100902.00,307887,3794,0.00,0,end_of_ent
2017-03-30T00:23:14+01:00,22.10,22.00,42.00,100909.00,351396,4469,0.00,0,end_of_ent
2017-03-30T00:23:54+01:00,22.00,21.90,41.40,100906.00,344783,4,0.00,0,end_of_ent
2017-03-30T00:24:34+01:00,22.00,22.00,41.00,100898.00,318219,3724,0.00,0,end_of_ent
2017-03-30T00:25:14+01:00,22.00,21.90,41.60,100907.00,356438,4412,0.00,0,end_of_ent
2017-03-30T00:25:55+01:00,22.00,21.90,41.50,100901.00,333,3992,0.00,0,end_of_ent
2017-03-30T00:26:35+01:00,22.00,21.90,41.40,100908.00,352548,3150,0.00,0,end_of_ent
2017-03-30T00:27:15+01:00,22.00,21.90,41.40,100907.00,371615,3989,0.00,0,end_of_ent
2017-03-30T00:27:55+01:00,22.00,21.90,41.60,100900.00,310512,4577,0.00,0,end_of_ent
2017-03-30T00:28:35+01:00,22.00,21.90,42.00,100904.00,336636,3324,0.00,0,end_of_ent
2017-03-30T00:29:15+01:00,22.00,21.90,41.60,100903.00,362450,3609,0.00,0,end_of_ent
2017-03-30T00:29:56+01:00,21.90,21.90,41.60,100901.00,396568,4913,0.00,0,end_of_ent
2017-03-30T00:30:36+01:00,21.90,21.80,41.80,100901.00,354323,3857,0.00,0,end_of_ent
2017-03-30T00:31:16+01:00,21.90,21.90,41.70,100905.00,335,3770,0.00,0,end_of_ent
2017-03-30T00:31:56+01:00,21.90,21.80,41.10,100.00,314222,3992,0.00,0,end_of_ent
2017-03-30T00:32:36+01:00,21.90,21.90,60,100905.00,364573,3632,0.00,0,end_of_ent
2017-03-30T00:33:16+01:00,21.90,21.80,40.50,100897.00,364507,3622,0.00,0,end_of_ent
2017-03-30T00:33:56+01:00,21.90,21.80,40.60,100904.00,350919,3420,0.00,0,end_of_ent
2017-03-30T00:34:37+01:00,21.90,21.80,41.50,100902.00,341334,5001,0.00,0,end_of_ent
2017-03-30T00:35:17+01:00,21.90,21.80,41.70,100901.00,371867,3573,0.00,0,end_of_ent
2017-03-30T00:35:57+01:00,21.90,21.80,42.10,900.00,383075,3632,0.00,0,end_of_ent
2017-03-30T00:36:37+01:00,21.80,21.80,41.60,100905.00,385241,3468,0.00,0,end_of_ent
2017-03-30T00:37:17+01:00,21.80,21.80,41.50,100904.00,310175,3311,0.00,0,end_of_ent
2017-03-30T00:37:57+01:00,21.80,21.80,41.20,100895.00,348140,3986,0.00,0,end_of_ent
2017-03-30T00:38:37+01:00,21.80,21.80,41.10,100903.00,322704,4009,0.00,0,end_of_ent
2017-03-30T00:39:18+01:00,21.80,21.70,41.10,100905.00,366008,4648,0.00,0,end_of_ent
2017-03-30T00:39:58+01:00,21.80,21.70,41.60,100905.00,343409,3468,0.00,0,end_of_ent
2017-03-30T00:40:38+01:00,80,21.70,41.30,100907.00,353582,4011,0.00,0,end_of_ent
2017-03-30T00:41:18+01:00,21.80,21.70,40.40,100904.00,324893,3745,0.00,0,end_of_ent
2017-03-30T00:41:58+01:00,21.80,21.70,40.40,100.00,354492,3639,0.00,0,end_of_ent
2017-03-30T00:42:39+01:00,21.80,21.70,40.90,100906.00,372628,4201,0.00,0,end_of_ent
2017-03-30T00:43:19+01:00,21.80,70,41.40,100901.00,367607,3672,0.00,0,end_of_ent
2017-03-30T00:43:59+01:00,21.80,21.70,41.10,100910.00,375048,3684,0.00,0,end_of_ent
2017-03-30T00:44:39+01:00,21.70,21.70,40.70,100908.00,369844,3811,0.00,0,end_of_ent
2017-03-30T00:45:20+01:00,21.70,21.70,41.40,100909.00,336,3758,0.00,0,end_of_ent
2017-03-30T00:46:00+01:00,21.70,21.70,41.10,100911.00,340866,3772,0.00,0,end_of_ent
2017-03-30T00:46:40+01:00,21.70,21.70,40.90,100901.00,376001,4212,0.00,0,end_of_ent
2017-03-30T00:47:20+01:00,21.70,21.70,40.80,100910.00,381379,4425,0.00,0,end_of_ent
2017-03-30T00:48:00+01:00,21.70,21.70,40.30,100912.00,372414,3545,0.00,0,end_of_ent
2017-03-30T00:48:41+01:00,21.70,21.70,40.30,100897.00,344764,4411,0.00,0,end_of_ent
2017-03-30T00:49:21+01:00,21.70,21.70,40.30,100895.00,339465,4408,0.00,0,end_of_ent
2017-03-30T00:50:01+01:00,21.70,21.70,40.30,100900.00,339,3905, INF,1,end_of_ent
2017-03-30T00:50:41+01:00,21.70,21.70,40.70,100899.00,361523,3949,0.00,0,end_of_ent
2017-03-30T00:51:21+01:00,21.70,21.70,40.30,100894.00,322812,3799,0.00,0,end_of_ent
2017-03-30T00:52:02+01:00,21.70,21.70,40.30,100897.00,334214,3929,0.00,0,end_of_ent
2017-03-30T00:52:42+01:00,21.70,21.70,40.30,100894.00,329256,4212,0.00,0,end_of_ent
2017-03-30T00:53:22+01:00,21.80,21.70,40.40,100894.00,373364,3632,0.00,0,end_of_ent
2017-03-30T00:54:02+01:00,21.70,21.70,40.30,100898.00,345769,4348,0.00,0,end_of_ent
2017-03-30T00:54:42+01:00,21.80,21.70,40.40,100893.00,335782,4049,0.00,0,end_of_ent
2017-03-30T00:55:22+01:00,21.80,21.70,40.40,100894.00,356235,4127,0.00,0,eof_ent
2017-03-30T00:56:02+01:00,21.80,21.70,40.40,100895.00,363864,3881,0.00,0,end_of_ent
2017-03-30T00:56:43+01:00,21.80,21.70,40.40,100900.00,365170,3592,0.00,0,end_of_ent
2017-03-30T00:57:23+01:00,21.80,21.70,40.40,100897.00,338681,3963,0.00,0,end_of_ent
2017-03-30T00:58:03+01:00,21.80,21.70,40.20,100889.00,357983,3686,0.00,0,end_of_ent
2017-03-30T00:58:43+01:00,21.80,21.70,40.40,100883.00,348715,2644,0.00,0,end_of_ent
2017-03-30T00:59:23+01:00,21.80,21.70,40.40,100885.00,329261,3807,0.00,0,end_of_ent
2017-03-30T01:00:03+01:00,21.80,21.60,40.40,100890.00,345746,2890, INF,0,end_of_ent
2017-03-30T01:00:44+01:00,21.80,21.70,40.40,100891.00,347393,3376,0.00,0,end_of_ent
2017-03-30T01:01:24+01:00,21.80,21.70,40.40,100896.00,316880,3102,0.00,0,end_of_ent
2017-03-30T01:02:04+01:00,21.80,60,40.40,100894.00,314283,3563, INF,0,end_of_ent
2017-03-30T01:02:44+01:00,21.80,21.60,40.40,100892.00,333354,3279,0.00,0,end_of_ent
2017-03-30T01:03:24+01:00,21.70,21.60,40.30,100890.001108,3199,0.00,0,end_of_ent
2017-03-30T01:04:04+01:00,21.80,21.60,40.30,100891.00,355755,4140,0.00,0,end_of_ent
2017-03-30T01:04:44+01:00,21.80,21.60,40.30,100890.00,359971,3661,0.00,0,end_of_ent
2017-03-30T01:05:25+01:00,21.70,21.60,40.20,100892.00,345116,4344,0.00,0,eof_ent
2017-03-30T01:06:05+01:00,21.80,21.60,40.40,100896.00,339526,4367,0.00,0,end_of_ent
2017-03-30T01:06:45+01:00,21.70,21.60,40.30,100890.00,325116,3526, INF,1,end_of_ent
2017-03-30T01:07:25+01:00,21.80,21.60,40.20,100890.00,330233,3781,0.00,0,end_of_ent
2017-03-30T01:08:05+01:00,21.80,21.60,40.20,100890.00,350600,3965,0.00,0,end_of_ent
2017-03-30T01:08:45+01:00,21.80,21.60,40.40,100889.00,341291,3702,0.00,0,end_of_ent
2017-03-30T01:09:26+01:00,21.80,21.60,40.40,100890.00,364459,3789,0.00,0,end_of_ent
2017-03-30T01:10:06+01:00,21.80,21.60,40.10,100887.00,366183,3558,0.00,0,end_of_ent
2017-03-30T01:10:46+01:00,21.80,21.60,39.90,100889.00,326092,3396,0.00,0,end_of_ent
2017-03-30T01:11:27+01:00,21.80,21.60,40.40,100893.00,373666,3262,0.00,0,end_of_ent
2017-03-30T01:12:08+01:00,21.70,21.60,40.30,100889.00,335815,4514,0.00,0,end_of_ent
2017-03-30T01:12:48+01:00,21.70,21.60,39.80,100896.00,340360,3804,0.00,0,end_of_ent
2017-03-30T01:13:28+01:00,21.70,21.40.00,100887.00,346426,3984,0.00,nd_of_ent
2017-03-30T01:14:09+01:00,21.70,21.60,40.30,100886.00,329910,4121,0.00,0,end_of_ent
2017-03-30T01:14:49+01:00,21.80,21.60,40.00,100887.00,336406,4184,0.00,0,end_of_ent
2017-03-30T01:15:29+01:00,21.70,21.60,40.10,100886.00,321598,4148,0.00,0,end_of_ent
2017-03-30T01:16:09+01:00,21.70,21.60,40.30,100885.00,327007,3515,0.00,0,end_of_ent
2017-03-30T01:16:49+01:00,21.70,21.60,40.30,100883.00,329300,3571,0.00,0,end_of_ent
2017-03-30T01:17:29+01:00,21.70,21.60,39.80,100891.00,346518,3840,0.00,0,end_of_ent
2017-03-30T01:18:09+01:00,21.70,21.60,40.10,100893.00,326948,4461,0.00,0,end_of_ent
